term,definition
abacus,주판
abandon,"(감정,충동에) 사로잡히다, 방종"
abase,"(품위, 지위) 강등시키다"
abash,"당황하게 하다, 부끄럽게 하다"
abate,"(정도,세기,수량 등) 줄이다,감소시키다"
abbreviate,"(단어,문장,글의) 길이를 줄이다"
aberrant,"정도를 벗어난,비정상의,변종의"
abet,"부추기다; 돕다, 지원하다"
abject,"(생활,상태,태도,기분) 비참한"
abnormal,비정상적인
abound,풍부하다
abrade,마모시키다
abridge,"요약하다,축약하다"
abscond,"몰래 떠나다, 종적을 감추다"
absolve,"(비난,유죄성,책임에서) 벗어나게 해주다"
absorb,흡수하다; 열중케 하다
abstemious,"(음식,음주) 삼가는,절제하는"
abstract,"요약하다,주의를 딴 곳으로 돌리다 ,(설명이) 구체적이지 않은,난해한"
abstruse,"난해한,심오한"
absurd,"비상식적인, 터무니없는"
accede,동의하다
accelerate,"가속하다, 촉진시키다"
accidental,"우연의, 뜻밖의; 불변의"
acclaim,"칭송하다,환호를 보내다"
acclimate,"( 새로운 환경에) 적응시키다,적응하다"
accolade,"영예,영광,찬양"
accost,"다가가서 ( 당돌하게,공격적으로) 말 걸다"
accrete,점진적으로 증가하다
accrue,"(증가,첨가에 의해서) 생기다"
acerbic,"(태도,말) 신랄한; (맛) 신,쓴"
achromatic,무색의
acme,최정상
acolyte,"(로마가톨릭 예배의식) 시제,복사"
acoustic,"음향의,소리의,청각의"
acquiesce,묵묵히 받아들이다
acrid,"(냄새와 맛)매운,신;(말,어조) 신랄한"
acumen,"명민,판단력,분별력"
acute,"날카로운, 통찰력 있는, 민감한, 급성의"
ad-lib,즉흥 연설(연기 등)
adamant,단호한
adapted,적절히 변경된
adept,솜씨 좋은
adherent,"지지자,추종자"
adhesive,"접착성의,끈적끈적한"
adjunct,"부가물, 첨가물"
admonish,"경고하다,훈계하다"
adorn,장식하다
adroit,"솜씨 좋은,능숙한"
adulate,심하게 아부하다
adulterate,"불순물을 섞다,(불순물을 섞어)순도/품질을 떨어뜨리다"
adumbrate,"어렴풋이 예시하다,희미한 모습을 그리다"
advent,"출현,도래"
adversary,"적,원수"
advocate,"지지하다,옹호하다"
aerate,통풍시키다
aerial,"공기의,공기 중에서 발생하는"
aesthete,심미안이 있는 사람
affable,"사귀기 쉬운,붙임성 있는,상냥한"
affectation,"가장,꾸미는 태도,허세 부림"
affected,"인위적인,꾸민"
affinity,"좋아함,유사성"
affix,"첨부하다,고정시키다"
affront,(면전에서) 모욕(하다)
agape,(입) 벌어진
agglutinated,"접착된,응집된"
aggrandize,"(권력,힘,지위,재산,명성 등) 증대시키다"
aggravate,"악화시키다,화나게 하다"
aggregate,"모으다;결합된,총계의;집단,총계"
aggrieve,"괴롭히다,고통을 주다"
aghast,"아연한, 대경실색한"
agile,민첩한
agitation,"불안,초조;선동;(용액) 휘 젖기"
agog,"(~하고 싶어) 못 견디는,흥분한"
agonize,"(심적으로) 괴로워하다,번민하다;괴롭히다"
agreeable,"상쾌한,기분을 좋게 해주는;동의하는"
aid,"돕다,지원하다"
ailing,아픈
aimless,목적 없이 노력하지 않는
airproof,공기가 통하지 않는
alacrity,"민첩함,민활함;선뜻 ~함"
albino,백화병환자
alibi,부재증명
alienate,"멀리하다,사귀지 않다,소외시키다;양도하다"
align,"제휴하다,연합하다;일직선으로 맞추다;가지런히 두다"
allay,"(두려움,의심,염려) 가라앉히다,(고통) 완화시키다"
alleviate,경감하다
alloy,"합금하다,혼합하다"
allude,"넌지시 말하다,암시하다"
aloof,"쌀쌀맞은,무관심한,초연한"
amalgamate,"혼합시키다,융합시키다"
ambiguous,"여러가지로 해석가능한, 모호한"
ambivalent,상반된 마음이나 생각을 동시에 가진;마음이 오락가락하는
amble,천천히 걷다
ambrosial,"맛있는,향기로운"
ameliorate,"개선하다,개량하다"
amenable,"잘 따르는,순종적인"
amenity,"편의시설,쾌적함,예의"
amnesia,건망증
amorphous,"(형태,정의가) 불명확한"
anachronistic,연대기적 오류가 있는;구시대적인
anaerobic,혐기성의(산소를 싫어하는)
analgesic,통증을 없애주는;진통제
anarchist,무정부주의자;폭력혁명가
anathema,"저주, 증오; (가톨릭) 파문, 이단배척"
ancillary,"부속의,보조의"
anecdote,일화
annotate,주석(주해)를 달다
annul,"무효로 하다, 취소하다,폐지하다"
anodyne,"진통제,진정제"
anomalous,"변칙적인,비정상의,특이한"
anonymous,"무명의,익명의"
answerable,"책임져야 하는,책임이 있는"
anterior,이전의
antic,"익살스러운,장난끼 있는"
antidote,해독제
antipathy,"반감,혐오"
antithetical,"대조법의,정반대의"
apathetic,"무감각한,무정한,무관심한"
apex,최고점
aphid,진딧물
aphorism,"금언,격언"
apiary,양봉장
apocalyptic,"궁극적인,결정적인,매우 중요한;종말론적인 파괴를 예언하는, 끔찍한"
apocryphal,"저작자가 의심스런,가짜의"
apologist,"변증론자,변론자"
apoplectic,"성난,화난,뇌졸중에 걸린"
apostate,변절자;변절하는
appeal,"상소,항고"
appease,"달래다,진정시키다,양보하다"
applaud,박수갈채를 보내다
appreciable,"상당한,쉽게 알아볼수있는"
apprehensible,이해하기 쉬운
apprehensive,"걱정하는,겁내는"
apprise,"정보를 주다,알려주다"
approachable,"친근한,말걸기쉬운"
approbation,"승인,칭찬"
apropos,"적절한,알맞은,시기 적절한"
aquatic,"물의,수생의"
aqueous,"물의,수성의,물을 함유한"
aquifer,"대수층,지하수를 내장한 침투성 지층"
arbiter,중재자;판정권자
arboreal,"수목의, (동물) 나무위에 사는"
arboretum,수목원
arcane,"불가사의한,신비한"
archaic,"고대의,고풍스러운,구식의"
archipelago,군도
archive,"기록모음,기록보관소"
ardent,열정적인
argot,은어
aridness,건조함
arrest,진행을 막다;눈길을 끌다
arrhythemic,"리듬이 없는, 규칙성이나 반복이 없는"
arrogance,오만함
articulate,말을 유창하고 조리 있게 하는
artisan,"기능공,숙련공,장인"
artless,"꾸밈없는,솔직한;자연스러운;솜씨 없는,기교 없는"
ascendancy,"영향력,우세함"
ascendant,"상승하는,올라가는;(힘과 영향력)"
ascetic,금욕주의자
ash,재
aside,여담
askew,휘어진
aspersion,비방
assembly,모임
assiduous,"끈기 있고 부지런한,꾸준한"
assuage,"달래다,만족시키다"
assume,"가정하다;(권력,의무)떠맡다;가장하다"
astringent,"수렴제;신랄한,(맛,냄새)신,떫은"
asunder,분리된;나누어진
asylum,"(정치범,난민,정신병자 등의)보호시설, 피난처"
atrocious,"극악무도한,아주 나쁜,매우 잔인한"
atrophy,"신체 구성조직의 퇴화;약화,감소"
attentive,"주의 깊은;상냥한,친절한"
attenuate,"가늘게 하다,약화시키다"
attest,"증명하다,증언하다,입증하다"
audacious,"대담한,호기로운,무모한"
audit,"(회계,장부)감사/검사하다"
augment,증가/증대시키다;증가하다
auspicious,"길조의,유리한"
autonomy,"자율성,자치권,자립"
avarice,탐욕
aversion,혐오감
aviary,(큰)새장
avid,"몹시 탐내는;열심인,열광적인,열정적인"
awning,차양
awry,휘어진
babble,재잘거리다;옹알거리다
badger,계속 괴롭히다;계속 졸라대다
badinage,가벼운 농담
baffle,"당황하게 하다,어리둥절하게 하다"
bale,"재앙;불운,고통,불행"
balk,"주저하다,갑자기 서서 나아가지 않다;방해하다,막다,좌절시키다"
balky,"고집 센,말을 안 듣는"
ballad,"담시,노래"
ballast,배의 무게중심
balm,"향유,(피부,마음)진정제"
banal,진부한
bane,고통의 근원;맹독
banister,(계단 옆)난간
barb,신랄한 비난
barefaced,뻔뻔스런;숨김없는
bark,나무껍질
baroque,"지나치게 장식적은,화려한"
barracks,"군인들의 막사,병영,숙사"
barrel,"쏜살같이 움직이다,질주하다"
barren,"열매 맺지 않는,수확이 없는"
base,"(도덕적으로)상스러운,천한,비열한"
batch,"(과자) 한번 구워내는 양, 한다발, 한무리"
bauble,겉만 번지르르한 싸구려; 시시한 것
bawdy,"외설스런, 음탕한"
beacon,"등대, 봉홧불"
beatific,"축복을 주는, 행복을 주는"
bedecked,"치장된, 장식된"
bedlam,"소란스러운 곳; 대소동, 혼란"
befitting,"안성맞춤의, 적합한"
befriend,친구가 되다
befuddle,혼란스럽게 하다
beguile,"매혹시키다, 속이다, 기만하다"
beleaguer,괴롭히다; 포위 공격하다
belie,"잘못 드러내다, 모순되다"
bellicose,"호전적인, 싸우기 좋아하는"
belligerent,"호전적인, 전쟁 중에 있는"
bellwether,"지도자, 선도자"
benediction,"축복, 축도"
beneficence,"선행, 자비"
benevolent,"자비심 많은, 자선을 행하는"
benignant,"친절한, 다정한, 유익한"
benumbed,무감해진
berate,호되게 꾸짖다
betray,"배신하다, 배반하다; 은연중에 드러내다"
better,향상시키다; 더 나은
bevy,"무리, 떼"
bewitch,"마술 걸다, 매혹시키다"
bibliography,"도서목록, 문헌 목록"
bibliophile,애서가
bifurcate,"두 갈래로 가르다, 분기하다"
bigot,"마음이 편협한 사람; 나와 생각, 종교, 사상 등이 다른 사람을 배척하는 사람"
bilious,"극도로 불쾌한, 성미 까다로운"
bilk,"(돈)사취하다, 속이다; 피하다; 좌절시키다, 막다"
biting,신랄한; 통렬한
blandish,"아부하는 말로 설득하다, 꼬드기다"
blanket,"담요로 덮다, 전면을 덮다"
blatant,"뻔한, 몹시 떠들썩한; 야단 법석의"
blazon,"과시하다, 꾸미다"
blemish,흠; 도덕적 오점
blight,"고사시키다, 해를 입히다"
bliss,"더 없는 기쁨, 행복"
blithe,"경솔한, 부주의한;명랑한, 쾌활한"
blueprint,청사진
blunt,"직설적인, 무뚝뚝한, 퉁명스런; (칼이나 연필)뭉퉁하고 무딘; 날카롭지 않게 만들다"
blurb,"짧은 광고, 선전문"
blurt,"(말을)불쑥 내뱉다, 무심코 말하다"
blustering,호통치는
boast,자랑하다
boggle,"깜짝 놀라게 하다, 압도하다;깜짝 놀라다, 움찔하다"
bogus,가짜의
bolster,"지탱하다, 지지하다, 강화하다"
bombastic,허풍 떠는
boor,무례한 사람
bootless,"소용없는, 쓸모 없는"
brackish,짭짤한; 맛이 없는
brake,제동장치
brassy,"뻔뻔스런, 철면피의"
brazen,"파렴치한, 철면피의"
breezeway,(집과 차고 등을 연결하는) 지붕과 기둥만 있는 통로
brevity,간결함
bribe,"뇌물 주다, 매수하다"
bristle,"분연하게 성내다, 성나서 털이 쭈볏 서다"
broaden,"확장시키다, 확장되다"
bromide,진부하고 상투적인 말
brute,"짐승 같은 사람, 망나니"
bucolic,전원적인
budge,살짝 움직이다; 의견을 바꾸다
bugle,군대 나팔
bulge,"돌출, 불룩함"
bully,불량배; 약한 자를 괴롭히는 사람
bumptious,"거만한, 오만한, 지나치게 자기주장이 강한"
bungalow,방갈로
bungle,"어설픈짓하다, 실수하다"
buoy,"띄우다, 뜨다; 받치다; 기운을 북돋우다"
buoyant,"부력이 있는, 기운찬, 명랑한"
burgeon,급성장하다
burlesque,풍자극
burly,"건강한, 튼튼한"
burnish,닦아서 광내다
bustle,"활기, 붐빔, 소란스러움"
buttress,부벽; 지탱하다
byline,(기사)필자란
cabal,"정치적 음모단, 비밀결사, 파벌"
cackle,"(닭, 오리)꼬꼬댁 울다; 낄낄대며 웃다, 목소리 찢어지게 웃다"
cacophony,불협화음
cagey,신중한
cajole,감언으로 꼬셔서~하게 하다
calamitous,"재앙의, 불행한, 비참한"
calcify,"석회화하다, 굳어지다"
calibrate,"눈금을 매기다, 눈금을 정확히 조정하다"
callous,"냉담한, 무감각한"
callow,"미성숙한, 경험이 없는"
calumny,"중상, 비방"
camaraderie,"우정, 동지애"
cameo,(유명배우)우정출연; (보석) 카메오조각(양각)
camouflage,"위장, 속임"
canard,"헛 소문, 지어낸 이야기"
candid,솔직한
cane,"사탕수수 나무줄기, 지팡이, 회초리"
canonical,"권위로 인정된, 정통의"
canonize,"권위 있는 것으로 인정하다, 찬양하다"
canopy,차양
capitulate,"복종하다, 항복하다"
capricious,변덕스러운
captious,"트집잡는, 반대하는"
captivate,매료시키다
captor,"포획자, 획득자"
carefree,"걱정근심 없는, 속편한"
caretaker,임시로 직무를 맡은 (사람)
careworn,걱정(고생)으로 초췌한
carnal,육체적인
carouse,흥청대며 마시다
carpentry,목수일
cartographer,지도제작자
cascade,"폭포처럼 떨어지다, 작은 폭포"
cast,출연배우들
castigate,"심하게 꾸짖다, 비난하다, 징계하다"
catalyze,"촉매작용하다, 촉진시키다"
categorical,절대적인
catholic,"(취향이)폭넓은, 보편적인"
caustic,신랄한
cavalier,"건방진, 거만한"
cavil,트집잡다
cavort,"흥청거리며 탐닉하다, 뛰어다니다"
cede,"포기하다, 양도하다, 할양하다"
celebrity,"유명세, 유명인"
celerity,신속함
cement,"시멘트로 결합시키다, 접합시키다"
censure,비난하다
central,"중심의, 중요한, 필수의"
cessation,"끝, 중지"
chagrin,"원통함, 분함"
champion,"옹호하다, 지지하다"
chaperone,사교계에 나오는 미혼 여성을 따라다니며 돌봐주는 부인
charade,"뻔한 거짓, 제스처게임"
charismatic,카리스마 있는
charitable,"자선을 베푸는, 관대한"
charlatan,"허풍선이, 돌팔이, 사기꾼"
chary,조심하는; (금전관련) 신중한
chasten,"훈육하다, (마음을)정화시키다, 겸손하게 하다, 억제하다"
chateau,(프랑스)성
chauvinism,"맹목적인 애국심, 충성심"
cheeky,"(사람, 언행) 건방진, 뻔뻔한"
chicanery,속임수
chide,꾸짖다
chimera,"가공의 괴물, 가상"
chip,"깨진 (돌, 나무)조각"
choir,합창단
choleric,"담즙질의, 화를 잘 내는"
chord,"코드, 화음"
choreographer,안무가
chuckle,"킬킬 웃다, 소리 없이 웃다"
churl,"무례한 사람, 구두쇠"
cipher,암호문
circuity,"우회, 돌아가기"
circumlocution,"에둘러대기, 완곡어법, 다변"
circumscribe,제한하다
circumspect,"신중한, 주의 깊은, 깊이 생각하는, 용의주도한"
circumvent,피하다
cistern,물탱크
clairvoyant,"천리안이 있는, 통찰력이 있는"
clandestine,"비밀의, 은밀한"
clarion,(소리가) 크고 명료한
clause,문장의 절
clemency,"자비, 관대함"
clich?,진부한 표현
clinch,"(못, 나사)고정시키다, 결말을 내다, 성사시키다"
clog,"(움직임, 흐름)막다, (활동) 방해하다"
clout,"영향력, 힘"
coagulant,(혈액 등) 응고제
coalesce,"합쳐지다, 하나가 되다"
coddle,"관대하게 하다, 너그럽게 대하다"
cogent,설득력 있는
cognizant,"인식한, 알고 있는"
coherent,"일관성 있는, 논리적인"
collapse,"붕괴하다, 붕괴시키다"
colleague,동료
collude,"결탁, 공모하다"
commensurate,"동등한, 같은 크기의, 균형 잡힌, 비례된"
commodious,"넓은, 널찍한"
commonplace,"진부한, 진부한 문구"
compendious,"요점을 잘 잡은, 간결한"
competence,"능력, 재능"
complacence,자기만족
complaisant,"기쁘게 해주려하는, 친절한, 정중한"
complement,"보완하다, 보충"
comprehend,이해하다
compromise,"(명예,신용) 위태롭게 하다, 훼손하다"
compunction,양심의 가책
concerted,협동/협의에 의한
concession,"시인, 양보"
conciliate,"화해시키다, 중재하다, 조화시키다, 일치하다"
concord,"일치, 조화, 화합"
concur,"동의하다, 동시에 발생하다"
condensed,요약된
condescend,"생색내다, 오만하게 행동하다"
condolence,"위로, 조의"
conducive,"공헌하는, 도움이 되는"
confident,확신하는
confine,"제한하다, 가두다"
confluence,"합류, 집합, 모임"
conform,"(규칙, 관습) 따르다, 순응하다, 지키다"
confound,"혼돈하다, 당황케 하다"
congeal,"응결시키다, 경직시키다"
congenial,"마음이 맞는, 같은 성질의, 상냥한"
congenital,선천성의
congregate,모이다
congruence,"적합, 일치, 합동"
connive,공모하다
connoisseur,"미술품 전문가, 권위자"
consensus,"합의, 동의"
console,위로하다
consolidate,굳건하게 하다
consonance,"일치, 조화, 화음"
conspire,공모하다
constellation,"성단, 별자리"
consuming,(느낌) 절실히 느껴지는
consummate,"(기술,실력) 완전한, 완벽한"
contempt,"경멸, 멸시"
contention,다툼 논쟁
continuum,연속(체)
contort,"(몸이)휘다, 비틀어지다"
contravene,위반하다 모순되다 반박하다
contretemps,뜻밖의 불운한 사건
contrite,뉘우치는
contrived,"계획된, 의도된"
controvert,"부인하다, 반박하다"
contumacious,고집 센
conundrum,"난제, 수수께끼"
convene,소집하다
conventional,"틀에박힌, 진부한, 평범한; 전통적인"
convergence,"합침, 집함, 집중"
conversant,정통한
convert,"변형시키다, 바꾸다, 개종시키다"
convivial,"연회를 좋아하는, 명랑한,"
convoke,소집하다
convoluted,"복잡한, 난해한"
coolheaded,"냉정한, 침착한"
copious,"풍부한, 많은"
cornucopia,풍부함(의 상징)
coronation,대관식
corporeal,"육체적인, 물질적인"
corpulent,"살찐, 뚱뚱한"
corrective,"교정하는, 올바르게 하는"
correspond,부합하다. 상응하다.
corroborate,"증명하다, 확증하다"
coruscate,반짝반짝 빛나다
cosset,응석을 받아주다
coterie,배타적인 집단
countenance,"찬성하다, 지지하다"
countless,무수히 많은
court,"호의를 얻으려 하다, 구애하다"
covetous,"탐내는, 갈망하는"
cow,위협하다
cower,두려워 움츠리다
coy,부끄러운척하는
cramped,"답답한, 비좁고 갑갑한"
craven,"비겁한, 비겁한 사람"
craving,"갈망, 열망"
credence,"신용, 신임"
credible,믿을만한
credulous,잘 믿는 잘 속는
creek,"시내, 지류"
creep,살금살금 걷다
crest,닭볏:(산 파도 등의) 최정상
crestfallen,풀 죽은
croon,낮은 목소리로 부드럽게 노래하다
crotchety,"화잘내는, 까다로운"
crouch,웅크리다
crumb,빵 부스러기
crumble,"부숴지다, 가루가 되다"
crump,오독오독 씹다
crust,빵 껍질
crutch,목발
crux,가장 중요한 점
culpable,"과실이 있는, 비난 받을만한"
cultivate,재배하다.
cunning,"교활한, 교묘한"
curb,억제하다
curmudgeon,심술궂은 사람
curt,(말)퉁명스런
curtail,"단축하다, 줄이다;(비용) 절감하다"
dab,가볍게 살짝 바르다
dabbler,취미로 하는 사람
daft,"어리석은, 미친"
dally,"시간 낭비하다;가지고 놀다, 희롱하다"
damn,비난하다
dampen,"약화시키다, 찬물을 끼얹다"
dandy,지나치게 멋 부리는 남자
dank,(불쾌하게)축축한
dapper,말끔한
dart,돌진하다
dash,"돌진하다: 활기, 원기"
dated,"구식의, 오래된"
daunt,위협하다
dauntless,겁 없는
dawdler,게으름뱅이
deadpan,무표정한
debark,(비행기나 선박에서)내리다
debase,"(질, 가치) 저하시키다."
debauchery,"방탕, 환락생활"
debilitate,쇠약하게 만들다
debunk,(허구임을) 드러내다
debut,"(경력의)처음시작,"
decant,(포도주 등) 조심스럽게/가만히 따르다
deceleration,감속
decorum,"단정함, 예의 바름"
decrepit,나이 들어 쇠약해진
decry,공개적으로 비난하다
defame,명예를 훼손하다
defeasible,무효화할 수 있는
deferential,공손한
deferrable,미룰 수 있는
deficiency,부족; 결점
define,"분명하게 묘사하다, 정의를 내리다"
definitive,명확한; 최종적인; 결론적인; 권위 있고 완전한
deflate,수축시키다; 풀 죽게 하다
defray,(비용 등을) 부담하다
deft,"솜씨 좋은, 민첩한"
defuse,뇌관을 제거하다; (긴장 등을) 완화시키다
defy,"(공공연하게) 저항/도전하다, 불복종하다"
dehydrate,"건조시키다, 탈수시키다"
deification,"신성화, 신격화"
deject,낙담시키다
delectable,맛있는
delegate,위임하다; (회의) 대표로 파견하다
deleterious,해로운
deliberation,"심사숙고, 합의, 토의"
delineate,정확하게 묘사하다
delude,속이다
demography,"인구학, 인구구성"
demolish,파괴하다
demoralize,사기를 꺾다
demote,강등시키다
demur,반대하다
demure,"얌전한, 조신한"
demurrable,이의를 주장할 수 있는
demystify,명확하게 설명하다
denounce,공공연히 비난하다; (조약) 폐기를 선언하다
denseness,조밀함
denture,의치(한 벌)
denude,벌거벗기다
denunciate,공공연히 비난하다
deplete,고갈시키다
deplore,비난하다; 개탄하다
deprecate,비난하다; 반대하다
depreciate,평가절하하다; (가치) 떨어뜨리다
deracinate,뿌리째 뽑아버리다; 근절하다
derelict,"태만한, 나태한; (건물) 방치된, 버려진"
derogate,"비하하다, 격하시키다"
desecrate,신성을 모독하다
desiccate,건조시키다
desist,멈추다; 삼가다
despicable,"경멸스러운, 비열한, 야비한"
despise,경멸하다
despondent,"낙심한, 풀죽은"
desultory,"계획 없는, 목적 없는"
detain,"붙들다, 지체시키다; 구류하다"
deteriorate,"악화시키다, 손상시키다"
determinative,결정적인
deterministic,"결정론의, 결정론적인"
deterrence,단념시키는 것
detour,우회하다
deviate,"이탈하다, 일탈하다"
devious,"부정한 방법을 쓰는; 돌아가는, 우회하는"
devitalize,"활력을 빼앗다, 약화시키다"
dexterous,"솜씨 좋은, 능숙한"
diabolic,악마 같은
diagnose,진단하다
diaphanous,"(천이) 얇은, 비치는; (생각) 확실하지 않은, (가능성) 희박한"
diatribe,"통렬한 비난, 혹평"
dicey,"예측할 수 없는, 잠재적으로 위험한"
didactic,"가르치기 위한, 교훈적인, 설교적인"
diehard,완강하게 저항하는; 완고한 보수주의자
diffident,"자신 없는, 기가 죽은, 수줍어하는"
diffuse,"퍼뜨리다, 확산시키다"
digit,손가락 또는 발가락
digress,(주제에서) 벗어나다
dike,제방
dilapidated,낡은
dilate,확장되다; 장황하게 말하다
dilatory,"행동이 느린, 늑장부리는"
dilettante,아마추어 (예술가)
dilute,"묽게 하다, 약화시키다"
diminution,"축소, 감소"
din,소음
diplomatic,"(사람 다루는 데에) 능숙한, 능란한"
dire,"끔찍한, 불길한"
dirge,"만가, 비가"
disabuse,"(그릇된 생각) 바로잡다, (오해) 풀어주다"
disaffect,정떨어지게 하다; 불만을 품게 하다
disarm,적개심을 제거하다; 무장해제시키다
disavow,"부인하다, 거부하다, 의절하다"
discern,"알아보다, 이해하다, 분별하다"
discernment,"인식력, 분별력, 판단력"
disclosure,폭로
discombobulate,혼란스럽게 하다
discomfit,당황하게 하다
discommode,폐를 끼치다
discompose,"마음을 불안케 하다, 마음의 평정을 빼앗다"
disconcerted,마음이 혼란스런
discordant,"불협화음의, 조화를 이루지 못하는"
discreditable,"불명예스러운, 비난 받을만한"
discreet,"신중한, 조심스러운"
discrepancy,"불일치, 차이, 어긋남"
discretionary,재량껏 할 수 있는
discursive,"산만한, 종작없는"
disembarrass,"(짐, 장애, 걱정 등에서) 해방하다"
disgruntle(d),"화난, 불만족한"
disguise,위장하다
disillusion,몽상이나 잘못된 믿음에서 깨어나게 하다
disinclined,"하기 싫은, 내키지 않는"
disinfect,살균 소독하다
disingenuous,"솔직하지 않은, 부정직한"
disintegrate,"해체시키다, 해체하다"
disjunctive,"연관성이 결여된, 분리하는, 분리성의"
dislocate,"(관절)탈구시키다;위치를 바꾸다,뒤죽박죽으로 만들다, 교란시키다"
dismay,"쩔쩔매게 하다, 용기(열정)를 잃게하다; 놀라게 하다"
dismount,(말 등에서) 내리다
disparage,"깎아내리다, 깔보다, 비난하다"
disparate,본직적으로 다른
dispassionate,"감정에 휘둘리지 않는, 냉정한;편견 없는, 공평한"
dispirit,"(열정, 사기, 희망 등을)잃게 하다"
displace,"(위치)옮기다, 바꾸다; 강제 이주시키다"
displeasant,불쾌감을 주는
disposition,기질
disputable,논쟁의 여지가 있는
dissect,(표본)해부하다
dissemble,가장하다
dissent,"의견을 달리하다, 동의하지 않다"
dissipate,흩어지게 하다
dissuade,하지 않도록 설득하다
distend,부풀게 하다
distill,증류하다
distract,집중하지 못하게 하다
ditch,"수로, 도랑, 배수구"
dither,"마음이 오락가락하다, 불안, 초조"
divulge,"누설하다, 폭로하다"
doctrine,"정설, 원칙"
dodder,"(나이 들어서)비틀거리다, 비틀거리며 걷다"
dodge,피하다
dogged,"끈질긴, 끈덕진"
doggerel,엉터리 시
dolorous,"슬픈, 고통스러운"
domicile,"거주지, 집"
domineering,"오만한, 폭군적인"
dormant,활동이 없는;동면 기에 있는;잠재적인
dose,일회복용량
douse,(물)끼얹다/불을 끄다
downgrade,강등시키다
downplay,"얕보다, 중시하지 않다"
doze,선잠 들다
draconian,"가혹한, 아주 엄격한"
drain,"서서히 배출하다, 물기 없애다"
dramatic,"극적인, 인상적인,"
drawl,모음을 늘여서 천천히 말하다
dredge,"물바닥등을 긁어내다, 준설하다"
drench,흠뻑 적시다
drivel,허튼 소리
droll,"까부는, 우스꽝스런"
drone,단조롭게 말하다
drop cloth,(페인트칠을 할 때)방을막이천
dross,"녹은 금속의 찌꺼기;납동, 물때;가치 없는 것"
drudgery,허드렛일
dubious,"의심하는, 의심스러운"
ductile,"순종적인;(금속)두드려 변형시킬 수 있는, 가소성의"
dulcet,(소리가)감미로운
duly,"적절하게, 적당하게"
dupe,속이다
duplicity,"속이는 행위, 표리부동"
dynamo,"에너지가 넘치는 사람, 정력가"
earmark,"(자금, 물건 등을)특정용도로 지정하다"
earthly,"세속적인, 지상의"
eatable,(음식)먹을 수 있는
eavesdrop,몰래 엿듣다
ebullient,"쾌활한, 활력 있는;비등하는"
eccentric,"별난, 엉뚱한"
echelon,"위계질서;계층, 명령체계"
eclipse,"일식;명예, 권위 등을 실추시키다;명성의 상실, 권위의 추락"
ecumenical,"보편적인, 전반적인"
edit,편집하다
efface,"삭제하다, 지워 없애다;눈에 띄지 않게 행동하다"
effervescence,"쾌활함, 활기, 기운이 넘침"
effete,활력 없는
effusive,"(감정)넘쳐흐르는, 토로하는"
egoism,이기주의
eidetic,"선명한, 생생한"
elaborate,"복잡한, 정교한"
elastic,탄력 있는
elated,"아주 즐거워하는, 기뻐하는"
elective,선출의;선출권이 있는;선택적인
electricity,"강한 흥분, 격한 감정"
elegy,"애시,애가"
elemental,기본적인
elevation,"상승, 높아짐"
eliminate,제거하다
elliptical,"생략적인;(의미)지나치게 생략된, 모호한"
elongate,"(길이)늘이다, 연장하다"
elucidate,(명확히)설명하다
elusive,"(이해, 정의) 힘든, 피하는, 잡히지 않는"
emaciated,"쇠약해진, 수척한"
emanate,발산하다
embezzle,횡령하다
embolden,대담하게 하다
embrace,"포용하다, (생각, 의견)채택하다"
emergence,"출현, 부상, 발생"
eminent,"저명한, 유명한"
emollient,"피부연화제, 완화제"
empathetic,감정이입의
empirical,경험적인
emporium,"큰 상점;상업중심지, 시장"
emulation,"경쟁의식, 모범으로 삼음;흉내내기"
enchant,"황홀하게 하다, 매혹시키다"
encoded,암호화된
encomiast,칭송하는 자
encomium,"찬사, 칭찬하는 말"
encompass,"둘러싸다, 포위하다, 포함하다"
encumber,"짐 지우다;막다, 방해하다"
encyclopedic,"포괄적인, 백과사전식인, 해박한"
endeavor,노력
endorse,"승인하다, 지지하다, 보증하다, 배서하다"
endow,"기부하다;주다, 부여하다"
enduring,지속적인
energetic,활력 있는
enervate,약화시키다
enfeeble,약화시키다
enfranchise,투표권을 주다;자유롭게 해주다
engrossed,몰두한
enhearten,용기를 북돋우다
enigmatic,난해한
enmity,적대감
ennui,권태
enraptured,기뻐서 어쩔 줄 모르는
enrich,부유하게 만들다; 향상시키다
ensconce,"안전한 곳에 두다, 감추다, 숨기다 ;편히 앉히다"
ensue,뒤따라 발생하다
entangle,"뒤엉키게 하다, 복잡하게 만들다"
enthrall,마음을 사로잡다; 노예로 만들다
entice,유혹하다
entrammel,"얽히게 하다, 구속하다, 방해하다"
entrance,매료시키다
entrenched,굳어진
enunciate,명확히 표현/설명/발음하다
envy,"부러워하다, 탐내다"
ephemeral,"일시적인, 덧없는"
epic,"서사시; 서사시적인, 웅장한, 대규모의"
epicenter,"(지진) 진앙, 진원지 ; 중심점"
epilogue,"끝맺음말, 에필로그"
epistemology,인식론
epitomize,요약하다; 완벽한 예가 된다
eponymous,#NAME?
equable,"침착한, 차분한; 한결같은, 안정된"
equitable,"공정한, 공평한"
equivocal,애매한
equivocate,애매하게 둘러대다
era,"시대, 시기, 연대"
erratic,"변덕스런, 일정하지 않은;비정상적인"
erudite,박식한
escalate,"증대시키다, 고조되다"
eschew,피하다
esoteric,"난해한, 소수만 아는"
esteem,"존경, 존중, 호의적 평가"
estimable,존경 받을 만한
estrange,(관계) 소원하게 하다
ethereal,"천상의, 영적인; 가볍고 섬세한"
etymology,"어원, 어원 학"
eulogy,"칭송, 찬양, 송덕문"
euphemism,완곡어법
euphoria,(강한)행복감
evanescent,사라지는
evasive,"회피하는, 솔직하지 않은"
even-handed,"공정한, 공평한"
everlasting,"영원히, 영속적인"
everyday,일상적인
evict,"퇴거시키다, 내쫓다"
evince,"분명히 나타내다, 명시하다"
evoke,(감정) 불러일으키다; (반응) 이끌어내다
exacerbate,악화시키다
exacting,정확한;엄격한
exalt,"칭송하다, 높이다; 고상하게 하다"
excise,"잘라내다, 삭제하다"
excoriate,심하게 비난하다
excruciate,"심한 고통을 주다, 괴롭히다"
exculpate,"협의를 벗겨주다, 무죄로 하다"
execrable,"혐오스러운, 형편없는"
execrate,"혐오하다, 비난하다"
exemplar,"전형, 모범"
exemption,면제
exhaust,기진맥진하게 하다
exhaustive,포괄적인; 철저한
exhort,"강요하다, 강권하다"
exodus,대 탈출
exonerate,"용서하다, 면제하다"
expedient,편의주의적인; 신속한
expedite,"촉진시키다, 추진하다, 신속히 처리하다"
expeditious,신속한
exploit,"위업, 업적; 이용하다, 착취하다"
exponent,지지자
extant,현존하는
extemporaneous,"즉흥적인, 계획 없이 이루어진"
extend,"확장하다, (범위, 정도) 넓히다"
extenuate,"(죄, 과실) 경감시키다, 가볍게 하다; 야위게 하다"
extinguish,불을 끄다
extol,극찬하다
extraneous,관련 없는
extricate,"(위험, 곤란에서) 벗어나게 하다, 구해내다, 빼내주다"
extrinsic,"비본질적인, 외래의, 외부의"
exuberant,"열의에 찬, 열광적인, 원기 왕성한, 활력적인"
exude,"스며 나오게 하다, 발산시키다"
exultant,뛸 뜻이 기뻐하는
fabricate,"만들어내다, 꾸며내다; 제조하다, 조립하다"
facet,"사물의 한 면상, 특성; (보석 등) 마면, 평면"
facetious,"익살스런, 웃기는; 가벼운"
facile,"피상적인; 손쉬운, 용이한"
facilitate,용이하게 하다
factious,"당파싸움을 좋아하는, 당파의"
fail-safe,(고장에 대비하여) 안전장치를 갖춘
fallacy,"잘못된 생각, 그릇된 논리, 궤변"
falter,"주저하다, 비틀거리다"
fanatic,열성적인
fantastic,비현실적인
farcical,우스꽝스런
fascinate,매료시키다
fast,"확고한, 고정된; 금식하다; 금식"
fastidious,"꼼꼼한, 까다로운"
fastness,"요새, 안전한 곳; 고정; 신속"
fathom,헤아리다; 수심을 재다
fatigue,극도의 피로
fatuous,"어리석은, 바보 같은"
faultfinding,트집잡기
favor,"편애하다, 지지하다, 유리하다"
fawn,아부하다
fazed,당황한
fealty,(영주에 대한) 충성
feasible,실행 가능한
featureless,뚜렷한 특징이 없는
feckless,"무기력한, 무책임한"
fecund,"비옥한, 생산력이 있는, 풍성한"
feisty,"적극적인, 원기 왕성한"
feral,"야생의, 야생으로 돌아간"
ferrous,"철의, 철을 함유한"
fervor,"열성, 열렬"
fetter,"족쇄를 채우다, 구속하다"
fiasco,대 실패
fickle,변덕스런
fidelity,"충성, 정조"
figurine,작은 조각상
filch,훔치다
filibuster,의사진행방해 (긴 연설 등)
filly,어린 암말
filmstrip,영사슬라이드
filthy,"매우 더러운, 추잡한, 난잡한, 비열한"
finale,"공연의 마지막, 대미"
finch,되새류과의 새
fingerprint,지문
fir,전나무
firefly,반딧불이
firm,"(태도, 마음) 확고한, 굳은"
fiscal,"재정의, 재무의, 회계의"
fissure,"(땅, 바위) 균열, 불화"
fit,적당한
fitful,"불규칙적인, 발작적인"
fixed,"고정된, 견고한, 확고한"
flabby,"살이 축 늘어진, 허약한"
flagging,"(힘, 권한, 결심) 약해지는, 축 늘어지는"
flagrant,"극악한, 악명 높은"
flamboyant,"눈부신, 화려한, 현란한"
flannel,"플란넬, 무명, 면포"
flatter,"추켜세우다, 알랑거리다, (찬사 등으로) 기쁘게 하다"
flawed,결점이 있는
fledgling,"풋내기, 애송이"
flee,"도망가다; 빠르게 지나가다, 사라지다"
fleeting,"휙 지나가는, 순식간의, 덧없는"
flicker,깜빡 거리다
flimsy,"부서기기 쉬운, 무른, 약한, 설득력이 없는"
flippant,"경박한, 성의 없는, 무례한"
flit,"경쾌하게 움직이다, 빨리 지나가다"
float,부유하다
flock,"떼로 모이다, 움직이다."
floppy,"(옷이) 펄럭이는, 늘어진, 느슨한"
flounder,"간신히 나아가다, 버둥거리다, 몸부림치다"
flourish,번성하다
flout,"경멸하다, 비웃다, 멸시하다"
fluctuate,변동하다
fluvial,강의
flux,"흐름, 끝없는 변동"
focus,중심으로 모이다
foe,"적, 원수"
foil,"방해하다, 막다"
folly,"어리석음, 우둔"
foment,"선동하다, 자극하다"
foot-dragging,"지체, 더딤, 주저"
footloose,"결부된 것이 없는, 마음대로 할 수 있는, 구속되지 않은"
forage,(식량) 찾아 헤매다
forbearance,"인내, 자제"
forceful,강력한
foreswear,"포기하다, 위증하다"
forlorn,"버림받은, 절망적인"
formidable,"겁먹게 하는, 위협적인, 경외감을 갖게 하는"
formulaic,"도식적인, 공식에만 따른"
forte,(칼날 중간과 칼자루 사이) 강한부분
forthcoming,"다가오는, 임박한, 솔직한"
fortuitous,우연한
foul,"불쾌하고 역겨운, (날씨) 사나운, 나쁜"
founder,침몰하다
fractious,"쉽게 해내는, 다루기 힘든"
fragile,"약한, 부서지기 쉬운"
fragrant,향기로운
frail,"약한, 깨지기 쉬운"
frantic,"광란의, 정신 없는, 미쳐 날뛰는"
fraternize,"사귀다, 친해지다, 형제처럼 지내다"
fraught,"가득한, (정신) 괴로워하는"
freckle,"주근깨, 거미"
freeze,동결하다
frenetic,"광란의, 지나치게 열광적인"
frenzy,"광란, 열광"
frequent,자주 들르다
fretful,"안달하는, 초조해하는, 화내는, 언짢아하는"
fretwork,실톱세공
friable,쉽게 부서지는
friction,마찰
frighten,"겁나게 하다, 놀라게 하다"
frill,"허식, 장식"
frivolous,"(태도가) 가벼운, 하찮은"
frothy,"거품같은; (태도, 내용) 가벼운, 경박한"
froward,"다루기 힘든, 완고한"
frugal,"검소한, 절약하는"
fruition,"성취, 실현, 달성; 성취의 순간"
full-fledged,"완전한, 성숙한"
fulmination,심한 비난
fumble,"서툴게 다루다, 더듬어 찾다, 말을 더듬거리다"
fur,"털가죽, 모피"
furor,분노
furrow,"홈을 파다, 골, 밭고랑"
furtive,은밀한
fussy,지나치게 꼼꼼한
fustian,과장되고 허풍 떠는 (말이나 글)
futility,"헛수고, 무익함"
gabble,"왜곡하다,혼동하다"
gaffe,"(사교상)실수, 결례"
gainsay,"반박하다,부인하다,반대하다"
gait,걸음걸이
galaxy,"은하,성운"
gall,화나게 하다
gallant,"용감한,정중한"
galvanize,"전기자극을 주다,자극하다"
gambol,뛰놀다
gargantuan,거대한
gargoyle,"사람,동물의 형상을 한 괴물의 조각"
garish,지나치게 화려한
garnish,장식하다
garrulous,지나치게 수다스러운
gauche,"서투른,세련되지 않은,솜씨 없는"
gaudy,"(옷,장식)지나치게 화려한, 야한"
gaunt,"수척해진, 쇠약해진"
gavel,"(의장,판사,경매인의)작은 망치,의사봉"
generator,발전기
generic,일반적인
genial,"친절하고 쾌활한, 상냥한"
germane,"밀접한 관계가 있는, 적절한"
gibberish,"이해할 수 없는 헛소리, 너무 전문적이어서 난해한 말, 쓸데없이 허황되고 모호한 말"
gibe,조롱(하다)
giddy,"경솔한, 진지하지 못한, 현기증 나는"
glacial,"매우 추운, 매우 느린"
glacier,빙하
glance,"흘긋 보기, 흘긋 보다"
glaring,"눈부시게 빛나는; (색) 지나치게 야한; 눈에 띄는, 뻔한"
glib,"(깊이 없이)말만 유창한, 입심 좋은"
glide,미끄러지듯이 움직이다
glut,"과도,과다"
glutton,"식신, 식탐이 강한 사람"
go-getter,"공격적인 사람, 진취적인 사람"
gossamer,"매우 얇은, 섬세한"
gourmand,"미식가, 대식가"
graft,"접목시키다, 접붙이다"
grandiloquent,"과장된, 허풍떠는"
grandiose,"(겉모습, 외양) 웅장한, 장엄한; (계획) 의욕이 지나친"
grandstand,"(관객,미디어로부터)주목 받으려 하다,(관객을 의식하여)화려한 플레이를 하다"
grapevine,"유언비어,낭설"
grassy,"풀이 덮인, 풀이 무성한"
gratify,만족시키다
grating,삐걱 거리는;(소리가)신경에 거슬리는
gratuitous,"무료의, 필요 없는, 근거 없는"
grave,"엄숙한, 진지한"
gravelly,"자갈 같은, 자갈소리가나는, 귀에 거슬리는"
greed,탐욕
green,"경험이 없는, 미숙한, 초목이 우거진"
gregarious,사교적인
grievous,"심각한,중대한,슬픈"
grill,"엄중히 심문하다, 취조하다"
grim,"엄격한,단호한,잔인한,무서운,섬뜩한,무시무시한"
grimace,"찡그림,찡그리다(병,고통 등으로)"
gripe,(사소한 일에) 불평하다
gritty,"의지가 굳은, 대담한;모래먼지 투성이의"
grouch,"불평꾼,짜증 잘내는 사람"
groundless,근거 없는
grove,"작은 숲, 과수원"
groveling,"비굴한,아첨하는;기는"
growl,으르렁거리다
grudge,원한
grueling,몹시 힘든
gruesome,"소름 끼치는, 오싹하는"
gruff,"퉁명스런, (목소리)거친, 쉰"
grumble,투덜거리다
guffaw,(천한)가가대소;큰소리로(깔깔)웃다
guile,"속임수, 꾀,술책"
gullible,쉽게 속는
gully,"(작은)계곡,협곡"
gust,"(갑자기)획 부는 바람, 돌풍"
hacker,아마추어 스포츠인
hackneyed,진부한
hairbreadth,털끝만한 간격
halcyon,"평온한,평화로운"
hale,튼튼한
halfhearted,"열성이 없는, 내키지 않는"
hallow,"거룩히 여기다, 신성하게 하다"
hallucination,환각
halting,(말)더듬거리는;막히는
ham-handed,"서투른,실수하는"
hamper,"막다,방해하다"
hamstring,"무력화하다,좌절시키다,다리를 절게하다"
hangdog,"처량한, 부끄러워하는"
hankering,"갈망하는, 갈망"
haphazard,체계적이지 않은
hapless,운 없는
happy,행복한
harangue,"장광설;비난,질책;장광설을 늘어놓다;비난하다,질책하다"
harass,괴롭히다
harbinger,"예언자,전조"
harbor,"피난처를 제공하다, 숨겨주다"
hard-boiled,"현실적인, 실제적인, 무정한, 감상적이지 않은, 비정한"
hardy,"튼튼한, 억센, 대담한, 용감한"
harebrained,"경솔한, 무모한"
harmony,"화음, 조화"
harrow,"괴롭히다, 못살게 굴다,망치다,침해하다"
harry,"괴롭히다, 못살게 굴다"
haste,"서두름, 신속함"
hasten,서두르다
haunt,자주 가는 장소
haunteur(haughtiness),"오만함, 거만함"
haven,항구; 피난처
havoc,"대파괴, 황폐, 대혼란"
headlong,"무모한, 성급한"
heart-rending,"마음을 찢어지게 하는, 매우 슬픈"
hearten,"용기를 주다, 확신을 주다"
heartsick,상심한
heated,"화난, 격렬한; 열렬한"
heckle,괴롭히다
hedgerow,"생울타리, 담장"
hedonism,쾌락주의
heed,주의를 기울이다
heinous,(행동) 극악한
helter-skelter,허둥지둥
hem,둘러대다; 제한하다
heresy,이단
heretic,"(일반적인 믿음)따르지 않는 사람, 이단자"
hermitage,은둔장소; 세상과 분리되어 살 수 있는 곳
heroic,"영웅적인, 용감한"
heterodox,(일반적인 믿음)따르지 않는
heyday,전성기
hidebound,"완고한, 몹시 보수적인"
hieroglyph,(이집트)상형문자
high-strung,"신경이 날카로운, 화 잘 내는"
hillock,작은 언덕
hinder,방해하다
hirsute,털이 많은
hiss,쉬' 소리를 내다;비난하다
histrionic,"배우의, 연기의; 지나치게 감정적인"
hoard,"보관하다, 저장하다;(몰래) 저장하다"
hoarse,"(목소리가)거친, 쉰 소리가 나는"
hoary,"백발의, 나이든; 오래된, 진부한"
hoax,짓궂은 속임수; 속이다
hobble,절뚝거리다
hodgepodge,뒤죽박죽
hoist,들어올리다
hollow,"텅 빈, 내용 없는"
homage,존경
homily,설교;지루한 도덕적 훈계
homogeneous,"동종의, 균질의, 비슷한"
hortative,"(조언, 연설 등이)격려하는; 충고의"
hubris,"지나친 자신감, 오만함"
hue,"색깔, 색조"
hull,겉껍질
humble,"겸손한, 겸허한"
humility,겸손함
husband,"아껴 쓰다, 절약하다"
husk,"껍질, 중요하지 않은 부분"
husky,(소리가)거친; 건장한
hut,오두막; 임시로 지은 숙소
hybrid,잡종의
hydrogen,수소
hygiene,위생
hyperbole,"과장된 말, 과장법"
hypnotic,"최면에 걸리게 하는, 잠이 오게 하는"
iconoclast,성상파괴자; 인습타파론자
idiosyncrasy,특유의 성질
ignite,"불 붙이다, 자극하다"
ignominy,"불명예, 치욕, 굴욕"
ignorance,"무지, 무식"
illegible,"읽을 수 없는, 해독 불가한"
illicit,불법적인
illiteracy,"무학, 문맹, 무교양"
illustrate,"(그림, 차트, 예를 이용해서) 명확히 설명하다"
imbibe,"(술, 물) 마시다, 흡수하다; (지식, 정보) 학습하다"
imbue,(생각)주입시키다; 스며들게 하다; (색깔)물들이다
immaterial,"중요하지 않는, 관련 없는; 영적인"
immeasurable,"측정할 수 없는, 무한한"
immediate,"(시간, 장소, 관계)가까운, 즉각적인"
immemorial,"옛날의, 태곳적의"
immerse,"푹 담그다; 열중, 몰두시키다"
imminent,임박한
immoderate,"절도를 잃은, 과도한, 극단적인"
immortalize,"불멸로 만들다, 불후의 명성을 주다"
immune,면역의; 면제된
immutable,불변의
impacted,"(쇄기처럼)박힌, 꽉 끼인"
impair,"약화시키다, 손상시키다"
impartial,공정한
impassionate,열정적인
impassive,"무정한, 비정한, 무표정한"
impeachable,"탄핵을 받을 만한, 비난 받을 만한"
impeccable,"결함 없는, 완벽한"
impecunious,무일푼의
impede,"방해하다, 훼방 놓다"
impel,"강요하다, 강제하다"
impenetrable,"통과할 수 없는, 스며들 수 없는, 이해할 수 없는"
impenitent,뉘우치지 않는
imperceptible,"지각/감지할 수 없는, 미세한, 경미한"
imperious,"오만한, 고압적인"
impermeable,불침투성의
imperturbability,"침착, 차분, 평정"
impervious,"통과할 수 없는; 영향을 받지 않는, 해를 입지 않는"
impetuous,"충동적인, 성급한"
implant,"심다, 이식하다, 박다, 주입하다"
implement,이행하다
implicit,"암시된, 암묵적인"
imply,암시하다
impolitic,"지각 없는, 무분별한, 현명치 못한"
importune,성가시게 졸라대다
impracticable,실행 불가능한
impressionable,(비판력 부족으로) 쉽게 영향을 받는; 감수성이 예민한
impromptu,즉흥적인; 즉흥연주
improvident,미래를 대비하지 않는 낭비하는
imprudent,신중하지 못한 경솔한 무분별한
impudent,무례한 불손한 건방진
impugn,"의심하다,이의를 제기하다,비난하다,공격하다"
inalienable,양도할 수 없는
inane,무의미한
inanimate,살아있지 않은 생명이 없는
inattentive,무관심한 부주의한
inaugurate,시작하다 취임시키다
inauspicious,불길한 불리한 불행한
incantation,주술
incarcerate,투옥시키다. 감금시키다
incendiary,방화범; 선동가
incense,몹시 화나게 하다
inception,시작 설립
incessant,끊임없이 계속 이어지는
inch,천천히 움직이다
incipient,시작단계의
incite,자극하다. 선동하다
inclement,혹독한 궂은
incogitant,사려 없는 분별없는 경솔한
incognizant,모르는 무지한
incoherent,(말 글)조리가 없는
incombustible,불연성의
incomprehensible,이해할 수 없는
inconclusive,결정적이지 않은
inconsiderable,(양)적은(크기)작은
inconsonant,일치하지 않는 조화되지 않는
inconspicuous,명확히 보이지 않는
inconstant,변하기 쉬운 변덕스러운 일정하지 않은
incontestable,논의의 여지가 없는 명백한
incontrovertible,"(논쟁, 의문) 여지가 없는"
incorporeal,"비물질적인, 비육체적인"
incorrigible,고집불통의 구제불능의
incredible,믿을 수 없는
incredulous,잘 안 믿는
incriminate,죄를 씌우다. 고소하다
inculpate,혐의를 씌우다. 죄를 씌우다
incursion,침입
indecipherable,"판독이 불가능한, 이해할 수 없는"
indecorous,예의 없는 무례한
indefatigable,지치지 않는
indefeasible,무효화 할 수 없는
indelible,"지울 수 없는, 제거 할 수 없는"
indemonstrable,증명할 수 없는
indict,기소하다
indigent,"궁핍한, (생필품) 결핍된"
indiscrimination,"무분별한 행동, 무차별"
indispensable,필수불가결의
indomitable,"불굴의, 꿋꿋한 불복하지 않는"
indulge,탐닉하다. 관대히 대하다
inedible,먹을 수 없는
ineffable,말로 표현할 수 없는 형언할 수 없는
ineffaceable,지워질 수 없는 잊을 수 없는
ineluctable,피할 수 없는
inept,서투른
inequity,"불공정, 불공평"
inert,움직이지 않는 활력 없는
inevitable,피할 수 없는 불가피한
inexorable,"설득할 수 없는, 막을 수 없는"
inexpungible,지울 수 없는
infecund,"생산성이 없는, 아이를 낳을 수 없는"
infiltrate,잠입하다
infinitesimal,"극소의 , 매우 작은"
infirm,허약한 (마음)불확실한
infirmary,양호실
inflate,부풀게 하다 확장시키다 팽창시키다
inflexible,마음을 바꾸지 않는 융통성이 없는
informality,"비공식성, 격식을 차리지 않음"
infraction,(법률 약속) 위반
infrangible,부서지지 않는 위반해서는 안되는
infuriate,몹시 화나게 하다 분노케 하다
infuse,가득 채우다 주입하다
ingenious,독창적인
ingenuous,순진한 솔직한
ingrained,(기질 습관) 뿌리깊은 깊이 박힌
ingratiate,환심을 사기 위해서 비위를 맞추다
inherent,"본질적인, 타고난"
inhibit,"(행동, 진행)막다. 제한하다"
inimical,해로운 적대적인
iniquity,"부도덕함, 사악함, 극악함"
injurious,해로운 비방하는 모략하는
inkling,어렴풋이 알고 있음
innate,타고난 자연스런
innocuous,무해한
innovation,혁신
insalubrious,몸에 해로운
insalvageable,구해낼 수 없는
insatiable,"(식욕, 욕망)만족시킬 수 없는"
inscrutable,불가사의한 난해한
insensitive,(타인에 대해)민감하지 않은 무신경한
insentient,무감각한 비정한 생명 없는
insipid,"맛없는; 재미없는, 생기없는, 지루한"
insolent,무례한 불손한 건방진
insouciant,태평한 근심이 없는
instable,불안정한
instill,(점차적으로)주입하다
instrumentalist,악기 연주자
insubstantial,허약한 튼튼하지 않은
insular,섬의 고립된 편협한
insurgent,반란을 일으킨 사람
intangible,만질 수 없는 비물질적인
integral,불가결한 필수의
intemperate,"무절제한, 방탕한"
intensify,심화시키다; 강화시키다
intentionality,의도성
inter,매장하다
interim,"중간의, 임시의"
interloper,"남의 일에 참견하는 사람; (남의 영역, 상황, 활동에) 끼어드는 사람"
interminable,끝없는
intermittent,"때때로, 가끔 발생하는"
interpose,삽입시키다; 양자 사이에 개입하다
intimate,"넌지시 알려주다, 암시하다"
intimidate,위협하다
intractable,"유순하지 않는, 다루기 힘든, 고집 센"
intransient,"금방 사라지지 않는, 영구적인"
intransigent,"비타협적인, 완고한"
intrepid,"겁 없는, 대담한"
intricate,"복잡한, 얽힌"
intrinsic,본질적인
invective,"욕설, 모욕적인 말"
inventory,"재고목록, 품목 일람, 재고조사"
investigate,조사하다
inveterate,만성적인
invigorate,"기운나게하다, 격려하다"
invincible,"이길 수 없는, 무적의"
inviolate,"신성한, 더럽혀지지 않은"
irascible,화 잘 내는
ire,"화, 분노; 화나게 하다"
iridescent,무지개 빛깔의
irk,짜증나게 하다; 화나게 하다
irradiance,복사 조도; 발광
irrational,"이성이 없는, 불합리의, 무리한"
irrefutable,논박할 수 없는
irrelevant,관련 없는
irreproachable,"비난의 여지가 없는, 흠잡을 데 없는"
irresolution,"주저함, 마음의 불확실"
irreverent,"불손한, 불경스런"
irrevocable,"돌이킬 수 없는, 취소할 수 없는"
isomorphous,동형의
issue,"나오다, 흘러나오다; 방출하다, 지급하다; 발표하다"
isthmus,지협; 두 개의 육지를 연결하는 좁고 긴 땅
jaded,"지친, 지긋지긋한, 싫증난"
jaundice,편파적으로 대하다
jaunty,"경쾌한, 활발한"
jejune,"순진한, 피상적인; 재미없는"
jest,"농담, 익살, 희롱; 놀리다, 비웃다"
jittery,"신경질적인, 초조해하는"
jocose,"익살맞은, 웃기는"
jocular,"익살맞은, 떠드는, 까부는"
jocund,쾌활한
jolt,"(갑자기, 난폭하게) 흔들다, 마구 흔들다"
journal,"일기, 일지; 신문, 잡지"
jubilant,"환희에 가득 찬, 매우 기뻐하는"
judicious,현명한
juggernaut,"엄청난 파괴력, 불가항력"
keen,"열렬한, 예리한, 날카로운"
kindred,"동족의, 관련된"
knead,반죽하다
knoll,작은 언덕
knotty,매듭으로 가득한; 풀기 어려운
kudos,"영광, 명성; 찬양"
labyrinth,미로
lacerate,"찢다; 깊은 상처를 주다, 괴롭히다"
lachrymose,눈물이 가득한; 눈물 나게 하는
laconic,"간결한, 과묵한, 무뚝뚝한"
ladle,국자
lag,"꾸물거리다, 처지다"
laggard,"꾸물거리는, 처지는; 게으름뱅이"
lambaste,심하게 비난하다
lament,"한탄하다, 애통해하다"
languid,"늘어진, 나른한, 기력 없는"
languish,"기력을 잃다, 쇠약해지다"
languor,"쇠약; 무기력, 권태; 무관심"
lapse,"일시적인 쇠퇴, 일탈; 잘못, 과실; (시간의) 경과, 기간"
larder,식료품 저장실
largesse,후함
larval,"유충의, 유충단계에 있는; 미성숙한"
lassitude,무기력
latent,잠재성의
latitude,"(행동, 사항, 견해) 자유, 허용 정도"
laud,"칭찬하다, 찬양하다"
laudable,"칭찬받을 만한, 훌륭한"
lavish,"사치스런, 아낌없는"
lax,"축 늘어진; 엄하지 않은, 관대한, 부주의한"
layover,(여행) 일시 중단; 도중하차
layperson,문외한
laze,"빈둥거리다, 게으름 피우다"
leaden,"둔한, 느릿한; 활기 없는"
lean,"마른; 기울어지다, 기대다"
leaning,"기호, 편애"
learned,유식한
leaven,"발효시키다, 부풀어 오르게 하다"
legend,"(지도, 도표 등의) 범례, 기호의 설명 표"
legendary,"전설적인, 매우 유명한"
legerdemain,"요술, 마술; 날랜 손재주; 속임수"
legible,읽을 수/이해할 수 있는
lessen,"줄이다, 줄어들다"
lethargy,무기력
lettered,"박식한, 교육받은"
leviathan,거대한 바다동물; 거대한 것
levity,"경솔함, 변덕, 경박함"
libel,문서에 의한 명예훼손; (문서로) 명예를 훼손하다
liberality,"후함, 관대함"
liberate,자유롭게 풀어주다
libertine,난봉꾼
license,"허락, 인가하다"
licentious,"음란한, 문란한"
lighthearted,"걱정이 없는, 쾌활한, 명랑한"
like-minded,취향이나 의견이 비슷한
liken,"비유하다, 비견하다"
limelight,주목을 받게 하다
limerick,5행 희시
limp,절뚝거리다
limpid,"(액체)깨끗한, 맑은"
lionize,"명사로 대접해주다, 치켜세우다"
lissome,"유연한, 우아한"
lithe,"유연한, 우아한,"
loaf,빈둥거리다
loathe,혐오하다
loathsome,혐오스런
lode,광맥; 풍부한 원천
loft,"위로 차 올리다, 위로 올라가다"
lofty,숭고한
log,여행의 기록;운항일지
longevity,"장수, 오래 지속됨"
loquacious,(매우)수다스러운
lubricate,"기름칠하다, 매끄럽게 하다, 원활하게 하다"
lucid,명백하여 이해하기 쉬운
lug,(짐)힘들여 끌다
lugubrious,"침울한, 슬픈"
lull,"일시적 잠잠함, 잠시 중단, 소강상태;달래다, 어르다, 재우다"
luminary,"선각자, 권위자, 유명인"
lurid,"무시무시한;(색깔)매우 밝은, 선정적인"
lurk,"잠복하다, 숨어서 기다리다."
luster,광택
luxuriant,"무성한, 비옥한, 풍성한"
luxurious,사치스런;호사스런
macabre,"으스스한, 소름 끼치는"
maculate,"반점이 있는, 더러워진;반점을 찍다, 더럽히다"
madcap,"무모한, 황급한, 미친"
magnanimity,"도량, 관대함"
magniloquent,호언 장담하는
majestic,"위엄한, 당당한, 장엄한"
maladroit,"솜씨 없는, 서투른"
malady,"질병, 병폐"
malaise,"초조, 불안, 불편, 불쾌"
malevolent,"악의적인, 사악한"
malicious,"악의(적의)있는, 심술궂은"
malinger,"꾀병을 부리다, (의무)회피하다"
malleable,(금속)변형이 잘 되는
malodorous,악취가 나는
maniac,광적으로 열중하는 사람
manifest,"뚜렷한, 명백한,"
manumit,해방(석방)하다
mar,"망치다, 손상하다"
marbled,대리석 무늬의
marginal,"사소한, 중요하지 않은"
marshy,질퍽한;습지의
marsupial,유대목
martial,호전적인
martinet,"엄격한 규율가, 엄격한 교관"
marvel,놀라운 것
mask,"가면;숨기다, 가리다"
masterful,"명인 솜씨의, 대가의, 훌륭한"
masticate,씹다
matchless,"적수가 없는, 대단한"
matter-of-fact,"현실적인, 실질적인,"
maudlin,"지나치게 감상적인, 취하면 우는"
maven,전문가
maverick,독불장군
mawkish,매우 감상적인
meager,"부족한, 빈약한"
mean,"질이 떨어지는, 가치가 없는, 양이 적은, 시시한"
meander,"정처 없이 거닐다, (강)굽이굽이 흐르다"
measly,(양)아주 조금인
measure,악보한마디;측정하다
measured,정확히 측정한;신중한
meddle,참견하다
meek,"온순한, 유순한"
meet,적절한
melancholy,우울한
meld,(골고루) 잘 섞다
mellifluous,"(소리, 말)감미로운"
melodious,듣기 좋은
menace,위협하는 사람;위협하다
mend,"고치다, 수선하다"
mendacious,거짓말하는
mendicant,구걸하는;거지
menial,"하인의, 비천한"
mensurable,"측정 가능한,"
mentor,조언자
mercurial,변덕스런
metamorphose,변형하다
metaphoric(al),"은유의, 은유적인"
meteoric,유성같이 빠른
meticulous,"지나치게 꼼꼼한, 주의 깊은, 정확한"
mettle,"용기, 원기, 기개"
minatory,위협하는 사람;위협하다
mind,꺼리다;복종하다
mindful,"인식하는, 알고 있는"
mine,탄광;채굴하다
mineshaft,탄광의 갱도
mint,"대량, 다량; 화폐주조 소, 조폐국"
minute,"(요리)즉석으로 만든;미세한, 상세한"
minutia,작고 사소한 세부사항
mire,"습지, 늪;곤경;(어려운 상황에)얽히게 하다"
mirth,"환희, 유쾌함, 웃음"
miscellaneous,갖가지 잡다한;잡동사니의
misconstruction,곡해;오해
miscreant,범법자
misdemean,나쁜 행동을 하다
misfortune,불운;불행한 일
mishap,불행한 일
mislead,"속이다, 오도하다"
mite,"작은 동물, 어린이; 작지만 정성어린 기부금"
mitigate,완화시키다
mnemonic,기억을 돕는 장치
moderate,"적절하게 하다, 완화시키다"
modicum,소량
mold,모양을 바꾸다;변형시키다
mollify,달래다
moment,중요성
monarch,군주
monopolize,독점하다
morbid,"병의,병적인"
mordant,신랄한
moribund,다 죽어가는;기력 없는
moroseness,시무룩하고 언짢은 상태
mortar,막자 사발
motley,"잡동사니의,잡색의"
mottle,"점,얼룩을 묻히다"
muffle,소음(消音)시키다
mulish,고집스런
mundane,"평범한,흔한;세속적인"
munificent,돈을 후하게 쓰는
murky,"어둑어둑한, 안개가자욱한, 모호한, 애매한"
musician,음악가;악기연주자
mutability,변화성
mutate,"변화하다,변화시키다"
mute,소리 없는
myopia,근시안
myriad,"수많은,다수"
nadir,"천저,밑바닥,절망상태"
naive,"순진한,순박한,경험이 없는"
nascent,지금 막 생겨난
natty,말끔한
nebulous,"흐린,구름 같은,뚜렷하지 않은"
nefarious,"사악한,범법의"
negligent,태만한;적절한 주의를 기울이지 못하는
negligible,하찮은
negotiate,협상하다
nemesis,복수의 화신;강적
nepotism,친족주의
nervy,"건방진,뻔뻔스런"
nether,"아래의,밑의"
nettle,"화나게 하다,안절부절못하게 하다;쐐기풀"
nibble,"조금씩 물어뜯다,잠식하다"
nice,"철저한,꼼꼼한,정확한"
nimble,"민첩한,영리한"
nitpick,트집잡다
nitrogen,질소
nocturnal,"밤의,야행성의"
noisome,"불쾌한,해로운,악취가 나는"
nonchalant,"태연한,무관심한"
noncommittal,"분명한 의견을 표명하지 않은,애매한,확실하지 않은"
nonconformity,"(표준,전통,규칙,법률 등)따르지 않음,불순응,불일치"
nondescript,뚜렷한 특징이 없는
nonentity,있으나 마나한 인간(사물)
nonplus,"혼란스럽게 하다,놀라게 하다"
notoriety,(악명으로)유명함
noxious,"해로운,불쾌한"
nuance,"미묘한 차이,음영"
nugatory,"증요하지 않은,하찮은"
nuisance,"귀찮은 것,성가신 것,폐"
nullify,무효화하다
numb,마비된; 마비시키다
numberless,셀 수 없이 많은
nurture,"양육하다,돌보다"
oaf,"바보,멍청이,기형아"
obdurate,고집 센
obedient,"순종적인,복종을 잘하는"
obeisant,정중한
obfuscate,"애매하게 하다,어리둥절하게 하다"
oblique,"기울어진,비스듬한,완곡한,모호한;부정한,잘못된"
obliterate,"완전 제거하다,지우다"
oblivious,"알아채지 못한,염두에 없는,망각한"
obscenity,"저속한 행동,말"
obscure,불명료하게 하다;불명료한;유명하지 않은
obsequious,아부하는
observable,"관찰할 수 있는,주목할 만한"
obsolescence,"쇠퇴함,퇴행"
obsolete,"구식의,못쓰게 된"
obstacle,"방해물,장애물"
obstinate,"완고한,완강한"
obstreperous,"통제가 안되는,시끄러운,떠들썩한"
obtrusive,눈에 거슬리는
obtuse,"둔한,이해가 매우 느린;뭉텅한,둔한"
obviate,"불필요하게 하다;예방하다,제거하다"
obvious,명백한
occlude,"닫다,가두다,막다"
occult,"숨겨진,눈에 보이지 않는,난해한"
odious,"몹시 불쾌한,혐오스런"
odium,"증오,미움;비난,악평"
offbeat,색다른
officious,참견이 심한
omnipotent,전능한
onerous,"힘든,성가신,귀찮은"
onset,시작
opacity,불투명 성
opportune,"(시기, 시간) 적절한"
opprobrium,"불명예, 비난"
opulent,"부유한,풍성한"
orator,"웅변가,대중연설 가"
oscillate,"진동하다,주저하다,흔들리다"
ossify,골화(骨化)되다;보수화되다
ostensible,"표면상의,겉보기만의;명백한,명료한"
ostentatious,"자랑/과시하는,허세부리는"
ostracize,추방하다
oust,"(지위,장소에서)내쫓다,축출하다"
outlandish,"별난,기이한,희한한;이국적인"
outlaw,"범법자,무법자"
outmoded,"구식의,못쓰게 된"
outstanding,뛰어난
overbearing,"횡포한,고압적인,거만한;압도적인"
overhaul,정밀 점검하다;전면 개 보수하다
overlook,간과하다;무시하다
overt,"공공연한,명백한,숨김없는"
overture,"(오페라,오라트리오)서곡"
pacify,"달래다,진정시키다"
padding,"(완충이나 소음 예방 목적의)속,심"
paean,"찬가,승전가"
painstaking,"애쓰는,수고를 아끼지 않는,면밀한,철저한"
palatable,맛있는
palatial,궁전같이 웅장하고 멋진
palliate,(증상)완화시키다
pallid,(얼굴) 창백한
pallor,창백함
palpable,"촉각으로 느낄 수 있는;명백한,뚜렷한"
palpitate,(심장)빠르게 뛰다
palter,"둘러대다,얼버무리다,속이다"
paltry,"시시한,양이 적어서 하찮은"
pan,심하게 비난하다
panache,"당당한 태도,품격,기백,과시"
pandemic,(병이) 전국이나 전세계적으로 퍼지는;그런 전염병
panegyric,"칭송,찬양"
panorama,전경
pantry,"(식료품,식기) 보관실"
paradigmatic,전형적인
paragon,"완벽한 예가 되는 사람이나 사물,모범,전형"
paralyze,마비[활동 못하게]시키다
paramount,"가장 중요한,최고의"
pariah,"사회적으로 경멸 받고 따돌림 당하는 사람,추방자"
parity,"동등,동격,동량"
parlance,화술
parody,"패러디,풍자적 모방(희화화)"
paroxysm,"갑작스런 발작,감정의 폭발"
parrot,"기계적으로 떠라 하다,기계적으로 반복해서 말하다"
parry,공격을 피하다;대답을 회피하다
parse,문장을 분석하다
parsimonious,인색한
pastoral,전원적인
pat,"적절한,능숙한;연습한 것처럼/외운 것처럼 딱 맞는"
patent,"명백한,눈에 띄는"
patronize,"후원하다;우월하게 행동하다,생색내다"
paucity,"소량,결핍,부족"
peaceableness,"온건함,평화로움"
peck,부리로 쪼다;가볍게 키스하다
pedagogue,선생님;교육자
pedantic,"현학적인;규정,작은 것에 너무 매달리는"
pedestrian,"평범한,진부한"
peel,껍질
peep,"(새 새끼,쥐)짧고,부드럽고,높은 음(을 내다)"
peerless,"최고의,적수가 없는"
peeve,화나게 하다
pejorative,"경멸적인,비난적인"
pelf,"돈,부유함"
pell-mell,"뒤죽박죽,황급한"
penchant,"강한 기호,경향,좋아함"
pendulum,시계추
penetrate,"관통하다, 꿰뚫다; (사실, 진리) 간파하다, 통찰하다, 이해하다"
penetrating,"직관력이 있는,통찰력 있는, 현명한"
penitent,"참회하는,뉘우치는,회개한"
penurious,몹시 가난한;인색한
pep,"활기,원기,활력"
perceive,"인식하다,이해하다"
percipient,"지각하는,감지하는,통찰력 있는"
peregrination,방랑
peremptory,"단호한,지엄한;위압적인,독단적인"
perennial,"지속적인,영구적인"
perfidy,"배신,속임"
perforate,구멍 뚫다
perfunctory,성의 없이 되어진
peripatetic,"순회하는,돌아다니는"
peripheral,"주변부의,중요하지 않은"
permanent,"영구적인,불변하는"
permissiveness,"관대함,허용적인"
permute,"변경하다,순서를 바꾸다"
pernicious,해로운
peroration,"끝맺는 말,(연설) 결어"
perpetrate,"(범죄,과실,실책) 범하다,저지르다"
perpetual,영원한
perplex,"혼란스럽게 하다,놀라게 하다"
persevere,"인내하다,견디다"
persiflage,"농담,희롱,익살;경박함"
persimmon,감(오렌지색 과일)
persistence,"고집,집요,지속"
perspicacious,"통찰력 있는,명민한"
perspicuous,"명확한,명료한"
pertinacious,완고한
pertinent,"관련된,적절한"
perturb,"마음을 불안하고 초조하게 만들다,동요시키다"
pervade,"퍼지다,온통 가득하다"
pervasive,널리 퍼져있는
petty,"안 중요한,덜 중요한,사소한,하찮은"
phantom,유령(같은)
phenomenal,"대단한,비범한"
philanthropist,"박애주의자,자선가"
phlegmatic,"점액질의,침착한;무감정의,느린"
piety,경건함
pilfer,훔치다
pillory,공개적으로 웃음거리로 만들다
pinion,"손발을 묶다,구속/속박하다"
pinnacle,"절정,전성기,정상"
piquant,"자극적이고 맛있는;(분위기,태도) 자극적 이로 적극적인"
pique,"화나게 하다,자극하다"
pitfall,"함정,도사린 위험"
pithy,"간결한;힘찬 명쾌한,뜻이 깊은"
pittance,"아주 적은 용돈, 수당, 보상"
placate,달래다
placebo,위약
plagiarism,표절
plague,괴롭히다
plaintive,"슬픈, 불쌍한, 애처로운"
plangent,(소리) 울려 퍼지는
platitude,"진부한 말, 진부함"
plaudit,"박수, 갈채, 찬양"
plausible,그럴듯한
playbill,(배역이 소개된) 연극프로그램
pleat,"(치마, 바지) 주름; 주름잡다"
plethora,"초과, 과다"
pliable,모양이 잘 휘는; 고분고분한
pliant,"유연한, 고분고분한"
plot,"음모; (극, 이야기) 구성, 플롯"
pluck,용기
plumage,(집합 명사)새의 깃털
plumb,면밀히 조사하다
plummet,수직으로 떨어지다
poach,끓는 물로 요리하다; 밀렵하다
podium,"연단, 지휘단"
polarity,양극성
polarize,양극화하다; 분열시키다
polemical,논쟁을 일으키는
politic,"현명한, 분별력 있는"
polymorphous,"여러 형태의, 다양한"
pomp,"장환, 화려; 위엄의 과시, 거만한 행동"
pompous,"(태도, 말) 오만한, 거만한, 과장된"
ponder,심사 숙고하다
ponderous,"무거운, 육중한; 지루한"
pontificate,오만하고 독단적으로 말하다
porous,"다공성의, (기체, 액체) 쉽게 통과하는; 침투하기 쉬운"
portentous,"심각한, 중요한, 불길한, 놀라운"
portrait,초상화
poseur,젠체하는 사람
postulate,가정하다; 당연한 것으로 여기다
posture,과장되고 부자연스런 포즈를 취하다
potable,마시기에 적당한
potentate,"권세가, 강대한 힘의 소유자"
prate,재잘재잘 지껄이다
precarious,"위태로운, 불확실한"
precedent,선례
precipice,"절벽, 벼랑"
precipitate,"재촉하다, 갑자기 생기게 하다; 성급한"
precipitous,"벼랑 같은, 급경사의, 황급한, 허둥대는"
preclude,"배제하다, 방해하다"
precursor,"선구자, 선행하는 것"
predecessor,"선구자, 선행하는 것"
preeminence,"가장 뛰어남, 탁월함"
preempt,"선제적으로 막다; 선취하다, 선점하다"
preen,"치장하다, 자기만족을 드러내다"
preface,"서론, 머리말"
preference,"애호, 좋아함"
premeditated,"미리 생각한, 계획된"
preponderant,"우세한, 압도적인, 능가하는"
prescience,예지력; 통찰력
principled,"윤리적인, 규율이 있는"
pristine,"원래 그대로의, 오염되지 않은, 깨끗한"
probity,"정직, 청렴"
proclivity,"성향, 경향"
prodigal,낭비하는
profane,"불경스러운, 세속적인; 거룩하지 않은, 더러운"
profligate,"탕진하는, 낭비하는"
prohibitive,"(가격) 지나치게 비싼; 금지하는, 제한하는"
prolix,"장황한, 지루하게 긴"
proofread,교정하다
propensity,"강한 기호, 경향"
prosaic,진부한; 산문형식의
proscribe,법으로 금지하다
prostrate,"엎드리(게 하)다, 굴복시키다, 굴복하다, 쇠약하게 하다;엎드린,굴복한,기진맥진한"
protract,연장하다
protuberance,"돌출, 돌기, 융기"
puckish,"짓궂은, 장난기 있는"
puerile,유치한
pulchritude,아름다움
pundit,"권위자, (미디어에 출연해서 의견을 말하는) 전문가"
pusillanimous,"소심한, 심약한"
qualm,"불안, 걱정, 불편한 마음; 양심의 가책"
quandary,"난처함, 궁지"
quatrain,4행으로 이루어진 연
quell,진압하다
querulous,"징징거리며 불평하는, 불만이 많은"
query,질문하다
quibble,"사소한 반대, 트집잡기; 사소한 문제에 트집잡다, 논의의 주제를 회피하다"
quixotic,지나치게 이상적인; 비현실적인
quotidian,"일상적인, 매일매일의, 평범한"
rabid,"과격한, 광신적인, 맹렬한"
rabies,"공수병, 광견병"
radical,근본적인; 급진적인
raft,부대; 뗏목
ragged,(옷이) 낡고 헤진; (표면이) 울퉁불퉁한
rakish,"방탕아의; 멋진, 경쾌한, 세련된"
rally,"세를 규합하다; 집회로 모이다; (사기) 진작시키다; (건강,기세) 회복시키다"
rancor,"원한, 악의"
rash,"무모한, 서두르는, 성급한"
raucous,"(소리) 거슬리는, 불쾌한"
ream,"연(종이의 거래단위), 종이체적단위"
rebel,"반항하다, 반란을 일으키다"
rebuff,"퉁명스럽게 거부하다, 거절하다"
recalcitrant,"권위에 저항하는, 다루기 힘든"
recant,(주장)철회하다;(믿음)부정하다
recidivism,상습적 범행
recluse,은둔자
recondite,난해한
rectitude,"(행동)정의로움, 옮음, 정직"
refuse,쓰레기
regression,"회귀, 복귀"
relentless,"엄격한, 가혹한, 무자비한"
reliable,믿을만한
relinquish,"포기하다, 양보하다, 양도하다"
reminisce,회상하다
remiss,"태만한, 성의 없는, 소홀한"
remold,"(모양, 구조, 특징)바꾸다"
remorseless,"(행동) 가혹한, 무자비한, 뉘우치지않는"
repellent,불쾌감을 주는
replete,"충분한, 가득한"
repose,휴식
repress,"억압하다, 억제하다"
reproachable,"비난할만한,"
reprobate,나쁜 놈;비난하다
rescind,"폐지, 폐기, 철회하다"
reservoir,저수지;수조
resignation,"사퇴;체념, 포기, 단념"
resilience,"탄력, 회복력"
resolute,마음이 확고한
resonant,"낭랑하게 울리는, 공명하는"
respect,존경
resplendent,"화려한, 눈부신"
restive,안절부절 못하는
retention,"보존, 보유, 유지;기억력"
reticent,과묵한
retort,"(말)(빠르고 재치 있게, 신랄하게)되받아 치다, 응수하다"
retrench,삭감하다
revel,"매우 기뻐하다, 즐거워하다, 마시고 흥청거리다"
revere,깊이 존경하다
rite,"의식,절차"
robust,"건강한, 건장한"
rotund,"둥근, 퉁퉁하게 살찐"
rowdy,"소란스러운, 난폭한"
rude,"미개한, 교양 없는;건장한;거친,가공하지 않은, 조잡한"
rue,"뉘우치다,후회하다, 유감으로 여기다"
ruse,"계략,음모, 책략"
sacrilegious,신성을 더럽히는
sacrosanct,신성불가침의
sadist,가학적인;잔혹함을 즐기는 사람
saga,"무용담, 영웅이야기"
sagacious,"현명한, 기민한"
sally,"반격,돌격(하다)"
salubrious,"건강에 좋은, 유익한;건강한"
salve,연고
sangfroid,"침착, 냉정"
sate,충분히 만족시키다
satirical,풍자의
saturated,"흠뻑 젖은, 포화상태의"
schism,"(교회) 분열, 분파"
scission,"절단, 분리, 분열"
scrutiny,정밀조사
scurrilous,"(입) 상스런, 저속한, 욕하는"
secretive,"비밀의, 숨기려 하는"
secular,세속적인
seethe,(마음속이) 분노로 부글부글 끓다; 분노로 끓어오르는 상태
shackle,족쇄를 채우다
shadowy,"그림자 드리워진, 희미한, 애매한"
sham,"가짜의, 모조의; 모조품, 가짜"
shard,"(도자기, 유리, 바위) 파편조각"
shiftiness,"교활함, 속임수, 간사함"
shirk,회피하다
simulation,"모조품, 가짜; ~인체하기"
sinewy,"힘찬, 활발한, 건장한"
skittish,"변덕스런, 장난스런, 활발한"
skulk,살금살금 움직이다
slake,"갈증을 해소하다, 만족시키다"
slight,"사소한, 대수롭지 않은; 무시하다, 경시하다"
slovenly,"지저분한, 단정치 못한; 되는대로 하는, 날림의"
slur,"중상하다, 비방하다"
sly,"교활한, 간사한, 음흉한"
snarl,"뒤엉키게 하다, 방해하다"
solicitous,걱정하는
solvent,"지급 능력이 있는; 녹이는, 용해력있는"
sop,달래려고 준 것; 뇌물
sophism,"궤변, 잘못된 이론"
sophisticated,"세련된; 순진하지 않은, 세상 물정에 익숙한; 정교한"
spartan,"엄격한, 간소한, 사치부리지 않는"
spent,"(힘, 에너지) 소진된"
spurn,"경멸하다, 딱 거절하다"
squander,"탕진하다, 낭비하다"
stagnant,(물이) 흐르지 않고 고여있는
stalwart,"충성된, 튼튼한, 건장한; 충성된 사람, 튼튼한/건장한 사람"
stark,"장식이 없는, 간소한; 뚜렷한, 분명한; 완전한; 강한, 굳센"
stasis,"정지상태, 균형상태"
stentorian,"(소리) 우렁찬, 울리는"
stoic,고통을 참고 내색하지 않는; 감정을 드러내지 않는
striate,홈을 파다
stultify,"활력을 없애다, 바보로 만들다; 무효로 하다"
sublime,숭고한
submerge,"물에 푹 빠뜨리다, 잠수시키다"
subterfuge,"핑계, 구설, 속임수"
subvert,전복시키다
succinct,간결한
succor,원조하다
succulent,"과즙이 많은, 맛있는"
sully,더럽히다
sunder,분리하다 절단하다
supercilious,거만한 건방진
superfluous,"잉여의, 불필요한"
surfeit,과다
surreptitious,은밀한
suspend,매달다
svelte,날씬한 세련된
sybarite,쾌락주의자
sycophant,아첨꾼
symbiosis,공생
taciturn,과묵한
tainted,더럽혀진
tangential,주변의
tantalize,감질나게 하다. 자극하다
tantamount,비슷한 동등한
tarnish,"광택을 잃다, 더럽히다"
tarpaulin,방수시트
tasty,맛있는 매력적인
tatty,낡고 초라한
taut,팽팽한
tear,찢다. 분리하다
tedious,"지루한, 재미없는"
teem,가득하다
telling,효과적인 의미 있는
temerity,지나친 자신감
temper,누그러뜨리다
temperance,"자제, 절제"
tenable,"(반대,공격)방어할 수 있는"
tender,제공하다 입찰하다
terminology,특정분야의 기술적 용어들
terse,간결한
testimonial,추천서 감사장
testy,조급한 쉽게 화내는
therapeutic,치유하는
thorny,가시가 많은
thunderous,"우레 같은, 열렬한"
thwart,막다 좌절시키다
timeless,영원한
timid,겁먹은 소심함
tincture,염료
tine,(포크의)날카로운 갈래
tirade,장광설 신랄한 공격
tongue-tied,(당황하여)말문이 막힌
tonic,"힘을 주는, 원기왕성 하게하는"
topical,시사문제를 다루는
topple,앞으로 꼬꾸라지다
torpor,무기력
torrid,매우 더운 열정적인
tortuous,구불구불한 솔직하지 못한
tourniquet,지혈장치
trace,소량
tractable,고분고분한
trademark,등록상표
tranquility,고요 평안
transient,일시적인
transitory,영원하지 않은 일시적인
travail,힘들게 일하다
treasure,보물
trenchant,(표현이)신랄한
trite,진부한
truculent,싸우기 좋아하는
tumultuous,요동하는
ubiquitous,어디에나 있는
unassailable,공격할 수 없는
unassuming,겸손한
uncanny,"신비, 이상한 보통 아닌"
underscore,밑줄 그어 강조하다
undeterred,"풀 죽지 않은, 단념하지 않은"
unexceptionable,반대의 여지가 없는
ungovernable,통제나 지배가 불가능한
unplumbed,(깊이 등이) 완전히 측정되지 않은
unprepossessing,"호감주지 못하는, 매력 없는"
unsubstantiated,증거로 증명되지 않은
unswerving,"굳은, 변함없는"
untold,"셀 수 없을 만큼 많은, 무수한"
untoward,"적당치 않는,곤란한, 불리한"
unwieldy,다루기 힘든; 성가시고 어려운
unwonted,"익숙하지 않은, 일반적이지 않은"
upbraid,"(몹시) 나무라다, 비난하다"
utter,"완전한, 절대적인; 말하다"
vacillate,"마음이 오락가락하다, 주저하다"
vain,헛된; 허영심 강한
vainglorious,자만심이 강한
valiant,용기 있는
vault,은행금고
vaunt,"심하게 자랑하다, 뽐내다"
vehement,"격렬한, 열정적인"
venerable,존경 받는
venerate,존경하다
veracity,"진실성, 정확성"
verbose,장황한
versed,"경험이 있는, 잘 알고 있는"
vex,"짜증나게 하다, 귀찮게 하다"
vicissitude,"(인생, 운명) 변천, 부침, 변하기 쉬움"
vigilant,"경계하는, 방심하지 않는"
vile,"사악한, 부도덕한, 불쾌한"
vilify,"비방, 중상하다"
vim,"정력, 활기, 열정"
vindicate,옹호하다
virtuoso,"명인, 대가"
virulent,해로운
visceral,"내장의; 감정적인; 세련되지 않은, 거친"
vitiate,"손상시키다, 망치다, 무효화하다"
vitriol,독설
vituperative,"매도하는, 독설의"
voluble,"유창한, 말 많은"
volume,(정기간행물의) 책 권; 소리의 크기; 부피
voluptuous,"사치스런, 향락적인, 관능적인"
voracious,"식욕이 왕성한,게걸스러운"
votary,"열렬한 추종자,신봉자"
vulgar,저속한
wan,"병약한,안색이 나쁜"
watchful,"경계를 서는,조심하는,주의 깊은"
wax,"커지다,강해지다"
whet,날카롭게 하다;자극하다
willful,"고집불통의,고의적인"
willowy,"(사람이) 키 크고 날씬한,우아한"
worldly,"세속적인,경험 많고 세상을 잘아는"
zeal,강한 열정
zealot,"광신도,열광자"
zest,"기분 좋은 맛,자극,흥미,관심"
