term,definition
(be) attributed to,"~에 기인하다, ~의 덕분으로 여겨지다 
- Our success can be attributed to your hard work."
**avert,"피하다**, 방지하다, 막다 
<'vert' (turn) 
:divert 전환시키다 convert 개종시키다 subvert 전복시키다"
**betray,"1. 배신, 배반하다 
2.(원칙, 신뢰 등을)저버리다 
3. 은연중에 ""드러내다"" reveal, disclose, bespeak 
- Her laugh betrayed her contempt for the idea."
**challenge,"이의를 제기하다, resist 
(A) challenge (-A)"
**champion,"지지하다, 옹호하다 *advocate, bolster, buttress 
(A) champion (A)"
**compromise,"(-) (명예, 원칙) 약화시키다, 위태롭게 하다, 훼손하다, ;타협하다"
**elusive,"difficult to find ""알수 없을 때"" 이해, 정의하기 힘든 <'elude' 피하다 
- The truth may prove elusive."
**engaging,"매혹하는, 매력적인 attractive"
**epitome,"1. 전형, 모범, 완벽한 예 perfect example 
archetype, exemplar
2. 요약, 줄거리"
**eschew,"피하다, 삼가다"
**fatuous,어리석은 stupid
**feckless,"1.쓸모없는 uesless, bootless; 
2.무책임한 irresponsible"
**nebulous,"흐릿한, 모호한 unclear, vague
(nebula 구름)"
**numinous,"신비한, 초자연적인, 신의 존재를 생각하게 하는"
**obsequious,"아부하는
sycophantic"
**offset,상쇄하다
**pastiche,"혼합물, 파스티셰(그림등이 여러 스타일 혼합한 작품)
hodgepodge"
**propo'nent,"지지자
champion"
**recalcitrant,"저항하는, 다루기 힘든, *고집센*
refractory, restive*
ex)Unfortunately, I should teach a class of recalcitrant fifteen-year-olds."
**recondite,"**난해한, 모호한 abstruse, obscure"
**shun,"기피하다
dodge, avoid, evade, skirt, shirk"
**sycophantic,아첨하는 =obsequious*
*audacious,"용감한, 겁없는; 무모한"
*aversion,"혐오감 
a. averse 혐오하는"
*awry,"1. (계획 등) 빗나간, 잘못된 
2. 구부러진, 비뚤어진, 헝클어진 askew*"
*baffle,"1.당황하게 하다 (abash) ~~bewilder bemuse befuddle
2.(계획) 좌절시키다"
*banal,진부한 arid
*belie,"1. 잘못임을 드러내다, 모순되다, 상반되다 contradict
- Smile belies sorrow. (belie 앞뒤 상반 표현)
2. -을 잘못 전하다; (감정 따위)를 숨기다 mask"
*berate,"호되게 꾸짖다, ""비난하다"""
*bogus,가짜의 (fake) apocryphal(출처가 불분명한)
*bolster,"지탱하다, 지지하다, 강화하다 support, buttress"
*bravado,"허세 bluster, bombast, pompous"
*bucolic,"전원적인 rural, rustic, pastoral"
*buoyant,"1. 부력이 있는 2. 기운찬, 명량한 lighthearted; cheerful"
*buttress,"1. 부벽 2. 지탱하다, 지지하다 bolster"
*calamity,"재앙, 재난 *debacle"
*callous,"무관심한, 냉담한, 무감각한 <굳은 살 박힌"
*callow,"미성숙한, 경험이 없는 immature"
*camouflage,"1. 위장, 속임 2. 위장하다"
*capricious,"변덕스러운 
fickle, mercurial"
*castigate,"징계, 비난하다 ↓ 
chastise, chide, censure, condemn; reprimand 
<> 칭찬"
*censorious,"매우 비난(비판)적인, expressing ""censure""* 
**주의 censure 비난하다 - censor 검열하다"
*chariness,"1. 조심스러움, 조심성 caution 2. 근검, 인색함 //
[a] chary 1. 조심하는, 신중한 wary, circumspect, cautious, heedful (heed=care) 2. 절약하는"
*chivalrous,"기사도적인, 용감한, 예의 바른 ""brave & noble""
<chival 기사"
*circumlocution,"에둘러 말하기, 장황, 둘러대기"
*circumscribe,"제한하다 restrict, limit"
*circumvent,"(법, 제한 등을) 피하다 bypass"
*clandestine,"비밀의, 은밀한 covert, cryptic"
*commensurate,"1. 동등한, 같은 크기의 equal 
2. 비례하는 
- Salary will be commensurate with experience"
*commonplace,(-)1. 진부한 2. 진부한 문구
*compelling,"1. 주목하지 않을 수 없는, 매우 흥미로운* captivating 2. 설득력 있는"
*composure,평상심
*debilitate,쇠약하게 만들다 infirm
*debunk,"허구임을 드러내다, 틀렸음을 드러내다
-The article debunks the notion that life exists on Mars."
*decorum,"단정함, 예의 바름"
*decry,↓비난하다
*defer,"1. 연기하다, 미루다 2. 뜻을 따라주다"
*deference,존중 경의
*deferential,공손한
*definitive,"결론적인, 확정적인/ 최고의 =authoritative"
*deft,"솜씨 좋은, 민첩한 dexterous 
cf) daft 바보같은 어리석은 미친"
*defy,"저항/도전하다, 불복종하다 
disobey, disregard(ignore)
a.defiant"
*deleterious,"해로운 
detrimental"
*delude,"속이다, 기만하다 beguile, mislead, deceive, fool"
*demur,"이의 제기하다, 반대하다 object"
*denigrate,"↓1.(명예)훼손하다 defame 
 2.비난하다, 폄하하다"
*deprecate,"↓1.비난하다, 반대하다 2.깎아내리다
disparage, depreciate"
*derelict,"1. (건물 등) 방치된, 버려진* abandoned 
2. 태만한 ;de + relinquish"
*deride,"조롱하다, 비웃다 ↓; de rid 우스꽝스럽게 여기다. 조롱하다"
*detract ↓,"1.(from)(가치,중요성,명성 따위를)떨어뜨리다, 줄이다, 비난하다
2.(주의를) 딴 데로 돌리다"
*detractor,"중상을 일삼는 사람, 명예 훼손자"
*didactic,"가르치기 위한, 교훈적인"
*dilatory,"행동이 느린, 늑장부리는
dawdle 늑장부리다, 꾸물거리다 딜레이토리"
*dilettante,"아마추어(예술가), 초보자
dabbler, amateur"
*discerning,discriminating*
*disconcert,"동요시키다, 혼란스럽게 하다
discombobulate, discomfit, discompose, disconcert"
*discreet,"(+) 지각 있는, 현명한, 신중한, 조심스러운 
=prudent 
n.discretion
- He was very discreet, only saying what was necessary."
*discrepancy,"불일치, 차이, 어긋남
variation, divergence"
*disinterested,"객관적인, 공정한, 무관심한 
detached, dispassionate, impartial"
*dismiss,"일축하다, (받아들일 가치가 없다고) 묵살하다
to refuse to accept or recongnize"
*disparage,"↓ 깎아내리다, 폄하하다, 비난하다
belittle, deprecate, depreciate, decry"
*disparate,본질적으로 다른 totally different
*dispassionate,"감정에 휘둘리지 않는; 객관적인 공정한
detached, disinterested"
*distort,왜곡하다
*dogmatic,"독단적인
dogma 독단, 교리"
*downplay,"↓경시하다, 하찮게 여기다 
-Athletes often downplay their injuries."
*eclectic,"다양한, 다방면의 selecting what seems ""best"" of various styles or ideas (ex.<도둑들>)"
*egalitarian,평등주의적인
*elucidate,"명료하게 하다, (명확히) 설명하다 to make clear"
*encomium,"찬사 a formal expression of high praise
tribute"
*ephemeral,"일시적인, 덧없는 
evanescent*, transitory, transient, momentary 
<>permanent"
*equivalent,"상응하는, 동등한, 같은 
equal, commensurate <>unequal"
*erratic,"불규칙한, 일정치 않은, 변덕스러운
capricious, fickle, mercurial, whimsical"
*euphoria,"행복감, 희열 
ecstasy, bliss, rapture"
*evanescent,"사라져가는, 덧없는 disappear
~~ephemeral"
*exonerate,"면죄하다; (책임, 의무) 면제하다=exempt
absolve, acquit, discharge, exculpate"
*extraneous,"외래의, 이질적인, 관련 없는**irrelevant"
*extravagant,"사치하는, 낭비하는* wasteful ; 터무니 없는, 지나친"
*facetious,"익살스런, 웃기는; 까부는(경솔한)
humorous, droll"
*facile,"피상적인; 손쉬운, 용이한
effortless"
*fastidious,"꼼꼼한(+); 까다로운(-)
hard to please
fastidious, fussy, finicky"
*fealty,"(영주에 대한) 충성
loyalty, allegiance, fidelity"
*fickle,"변덕스런
capricious, mercurial, volatile,whimsical, erratic"
*finicky,"몹시 까다로운, 꼼꼼한
fastidious, fussy, finicky"
*flamboyant,"눈부신, 화려한, 현란한*"
*flippancy,"경솔, 경박"
*flippant,"경박한, 성의없는 (가볍고 무례한)
frivolous <> serious"
*foible,"(사소한) 약점(기벽) a minor character flaw 
defect, weakness"
*nadir,"천저, 밑바닥 (무한한 상황에서 바닥- bottom은 아님) <> 정점 apex, culmination, crest, pinncle, peak, summit"
*nascent,"지금 막 생겨난(native와 다름 , 단계적 초기) 
just beginning, embryonic, incipient, fledgling <>moribund 다 죽어가는"
*negligible,"무시해도 될 정도의, 하찮은;
paltry, meager, measly"
*nugatory,"하찮은futile
negligible, nominal"
*obfuscatory,"혼란스러운, 애매한 
[v]*obfuscate 애매하게(혼란스럽게) 만들다
nonplus, befuddle, bemuse, baffle, perplex, confound, abash"
*oblivious,"알아채지 못한, 염두에 없는, 망각한, 부주의한
""몰랐어....까먹었다!!"""
*obtrusive,"돌출한, 눈에 거슬리는/ 나서는, 주제넘은
conspicuous, prominent, noticeable (눈에띄는, (+) 뜻 아니다!)
cf. obtrude 불쑥 튀어나오다, 끼어들다"
*obviate,"미리 막다, 피하다; (필요성이나 어려움) 제거하다
preclude, forestall"
*officious,"(관직이나 직급을 내세워) 참견이 심한
intrusive, meddlesome, meddling, invasive"
*onerous,"힘든 <> facile
**힘든 difficult 3가지 : onerous/ arduous/ strenuous"
*opprobrium,"불명예, 비난 =disdain"
*oscillating,"진동의
*oscillate (between A and B) 진동하다,주저하다, 흔들리다 vacillate"
*ossify,"1. 골화되다 petrify 2.보수화되다 
주의) consolidate 입지를 강화하다(딱딱하게하다X)"
*ostensibly,"표면상으로는(반전 부사)//
[a] ostensible 표면적인"
*ostentatious,"자랑/과시하는, 허세부리는
n. ostentation"
*paean,"찬가 praise
**""p""로 시작하는 찬사/칭찬 : 
paean/ plaudit/ panegyric"
*palpable,"1. 느껴서 알수 있는 2.*명백한, 뚜렷한
=tangible
cf) inpalpable, intangible 뚜렷하지 않은"
*paltry,"쥐꼬리만한, 얼마안되는, 시시한, 하찮은*
meager, negligible, nugatory"
*paradigm,"전형
exemplar, epitome, archetype"
*parity,"동등, 동격, 동량 <>편파, 불공정"
*parsimonious,인색한
*partisan,"1.열렬한 지지자(당원), 편파적인 사람(당원) 
2. *(-) 편파적인, partial, jaundiced, tendentious"
*paucity,"소량, 결핍, 부족"
*peccadillo,"가벼운 죄, 사소한 실수* misdemeanor, lapse, misdeed"
*pedant,현학자
*pedantic,"(-) 현학적인, 아는척하는, 규칙에 목매는
n. pedantry 아는척하는 행동
n. pedant 현학자"
*pedestrian,"평범한, 진부한"
*pejorative,"경멸적인, 비난적인
pejoration 비난"
*perfunctory,"형식적인, 기계적인 (하기싫은, 꺼리는 reluctant 느낌)
desultory(random), quick(대충,빨리)"
*peripheral,주변부의/ *중요하지 않은 marginal
*pernicious,"치명적인('죽음'에 가까울정도), 해로운
- Lung cancer is a pernicious disease."
*pertinent,"관련된, 적절한 relevant"
*petulant,"화잘내는, 성급한 = impetuous**"
*phlegmatic,"감정을 잘 드러내지 않는, *무관심한, 침착한, 냉정한"
*pitfall,"(-) *함정, 숨겨진 위험"
*pithy,"간결한, 핵심적인 
pith= gist 핵심"
*placidity,"조용함, 평온, 온화, 차분함
<[a] placid 평온한, 고요한 calm, pacific"
*plaintive,"*슬픈, 애처로운, 불쌍한"
*plethora,"초과, 과다 =surfeit <>소량"
*plummet,"1. 수직으로 떨어지다
2. 급락하다 
<plum (추)"
*precipitate,"1. 촉발시키다, 재촉하다
2. 성급한*
3. (변화, 감소) 급격한*
** precipitate 성급한/급격한
** precipitous 급격한/성급한"
*preclude,"막다, 배제하다"
*presumptuous,"건방진, 주제넘는, 나서는, 뻔뻔한 
'pre' 앞 + 'sump' jump 
brassy, brashy 
(조심) presumptive 추정상의 <presume"
*pretentious,"허세부리는, 과시하는
'pre' 앞 + 'tent' 늘리다 (말을) 
= ostentatious"
*pristine,"1. 원시의
2. **깨끗한*, 순수한, 오염되지 않은"
*probity,"*정직, 청렴
integrity"
*profligate,"*낭비하는/ 낭비하는 사람
*profligate, prodigal*, extravagant, lavish"
*promulgate,"(법, 제도) 널리알리다, 공표하다 esp. by Mass Media
=declare
ex)In January 1852, the new constitution was promulgated."
*prosaic,"*진부한, 재미없는, 지겨운; 산문형식의 
prose 산문/ verse 운문 
ex. a prosaic lecture"
*proscribe,"(공식적으로) 금지하다 prohibit*
(조심) presecribe"
*prudence,"현명한, 신중함"
"*pugnacious 
퍽!","호전적인, 다투기 좋아하는 
quarrelsome, cantankerous(심술궂은; 잘 싸우는)"
*punctiliousness,"격식에 치우침 , 딱딱함 ; 꼼꼼함.//
[a] punctilious* 격식에 치우친, 세심한, 꼼꼼한, 까다로운
= meticulosity, meticulousness, scrupulousness"
*quash,"*막다*, 억제하다, 억누르다; 정복하다 
quell"
*quirky,"별난, 특이한, 이상한 
eccentric, idiosyncratic; unconventional* 
n.quirk= 특이함, 이상함"
*quixotic,"(돈키호테의), 지나치게 이상적인, 비현실적인
idealistic, romantic, visionary, Utopian, unrealistic, unworldly, impractical, impracticable, chimerical"
*rebuff,"퉁명스럽게 거부하다, 거절하다* (못되게 거절!) 
reject, spurn, snub"
*rebuke,"심하게 꾸짖다, *비난하다*
**r로 시작하는 '비난하다' 
*rebuke, reprimand, reproach, reprove, reprehend, reprobate, revile, rail*"
*reciprocal,"상호간의, 상호이익의, 교감하는, 호혜적인"
*reckless,"무모한, 무분별한, 성급한 
rash, precipitate, precipitous"
*reconciliation,"화해, 조화
=rapprochement (화해, 관계회복)"
*rectitude,"정의로움, 옳음, 정직 ('대쪽'같은 거) 
'rec' 곧은 + 'attitude' 자세 
probity, integrity"
*redundant,"과잉의, 불필요한, 쓸모없는, 잉여의 
unnecessarily abundant ""남아도는"" 
= unnecessary, not required, inessential, surplus, superfluous"
*refute,"논박하다 rebut, disprove
*A refute -A"
*renounce,"1. 포기하다, 철회하다 2. 거부하다, 부인하다=reject*
< 're' back + 'nounce' announce : announce한 걸 되돌리다 
renonunce = retract 포기,철회,취소- 
denounce = detract '비난하다'"
*reproof,"비난=censuring// 
< reprove (-) 질책하다, 비난하다
reprimand, censure, rebuke, reproach, reprobate
<조심> 'prove' (입증하다)와 무관"
*reserved,"내성적인, 얌전한"
*resort,"(to) 호소하다, 의지하다, 의존하다 
resort to = have recourse to*"
*restive <조심>,"1. 안절부절 못하는 restless*, uneasy
2. 통제하기 힘든 difficult to control=refusing to move 고집센"
*reticent,"과묵한
laconic"
*reverence,"존경, 공경"
*robust,"건강한, 건장한 ""튼튼한"""
*rudimentary,"*미발달의, 미성숙의; *기본적인 
basic, elementary, primitive*"
*sacrosanct,"(+) 신성불가침의, 신성한"
*sagacious,"현명한 <sage 현인, 현자
prudent"
*salient,"1. 눈에 띄는 (+아님) visible 
2. 유명한 
prominent, conspicuous, noticeable, remarkable"
*salubrious,"건강에 좋은, 유익한, 건강한 salutary
'sal' 소금(+) ex)salubrious weather 
<>insalubrious"
*salutary,"(정신)건강에 좋은, 유익한 salubrious"
*sanguine,"1.혈색좋은, 핏기가 도는, 얼굴이 발그레한 <'sangri' 피 
2. *낙관적인, 쾌활한* optimistic, hopeful
3. 다혈질의
cf> sanguinary (-) 피비린내나는"
*scathing,"상처내는, 신랄한
<scathe=damage, injure 
 scathed 다친 상태로 unscathed 안 다친"
*scrutinize,"면밀히 살피다, 샅샅이 조사하다 
n. scrutiny 정밀조사"
*sectarian,"분파의, 종파심이 강한; 편협한* <'sector' 
= partisan"
*sedulous,"근면성실한*, 부지런한 <'sed' = sit
= assiduous*"
*slapdash,"서둘러서 아무렇게나 하는, 성의없는, 단정치 못한
*slapdash, slipshod, slovenly*"
*slur,"중상하다, 비방하다 ↓/ 중상, 비방 
slander/ aspersion*"
*solicitous,"(간절히) 걱정하는 eager& concerned* (구걸하고 간청하는 자세) 
Ex) She was solicitous about the welfare of her students."
*sordid,"(-)추잡스런, 더러운*, 비열한, ""더럽고 치사한"" (morally) 
Ex)The story presents a sordid picture of bribes and scams(사기)."
*specious,"허울좋은, 겉만 번드르르한, *실제로는 잘못된, ""거짓의, 가짜의, 허위의"" plausible, but actually wrong =spurious*, mendacious
<>""진짜의"" veritable, veracious"
*spurious,"가짜의, 허위의 specious"
*spurn,"경멸하며 거절하다, 퇴짜놓다
rebuff, snub, spurn"
*stalwart,"1. 충성된, 마음이 확고한; 그런사람 loyal, faithful, steadfast
2. 튼튼한, 건장한; 그런 사람 sturdy, sinewy, brawny, burly"
*stark,"1.*완전한, 순전한 sheer, utter, complete, absolute, total ex) stark terror/complexity 
2.지나치게 뚜렷한 unpleasantly or sharply clear;impossible to avoid
3.삭막한, 황량한, 을씨년스러운 desolate, barren, asutere"
*stigma,"주홍글자, 낙인, 오명"
*stoicism,"극기, 금욕"
*subservient,"복종하는, 굴종하는* obedient, docile, submissive,deferential
부차적인, 부수적인 subordinate"
*substantiate,"입증하다
prove, verify"
*subterfuge,"핑계, 속임수, 술수
deceit, guile, cunning, plot, stategem"
*sullied,"훼손된// 
[v] *sully 더럽히다 (명예) 훼손시키다
defile, taint, stain, tarish, blemish, besmirch"
*supercilious,"오만한, 거만한, 건방진
arrogant, haughty, pompous, condescending, patronizing, imperious*"
*superfluous,"잉여의, 불필요한, unnecessarily abundant, redundant"
*surfeit,"과다
surplus, gult, deluge, plethora"
*surmise,"추정하다, 잠식하다
guess, suppose, conjecture, infer*"
*surreptitious,"은밀한
furtive, covert, cryptic, clandestine"
*taciturn,"과묵한
laconic, reticent, reserved*"
*tangible,"만질수 있는, 현실적인, 구체적인, 명확한
touchable, tactible, palpable"
*tantamount (to),"동등한, 비슷한
equivalent, commensurate with"
*tarnish,"더럽히다
besmirch, taint, stain, sully, blemish
광택을 잃게 하다 <> polish, furbish, burnish"
abash,"[보통 수동형으로] 무안하게 하다, 당황하게 하다 (→abashed)"
abate,"(정도, 세기 수량) 줄이다, 감소시키다, 완화시키다"
abet,"(범죄, 나쁜 짓) 부추기다, 자극하다"
abeyance,"(일시적) 중지, 중단"
abhorrence,(도덕적 이유에 의한) 혐오
abhorrent,혐오스러운
abhorrer,몹시 싫어하는 사람; (영국사) 국회 소집 반대파
abject,"1.비굴한 2.비참한, 절망적인"
abjure,"(신념, 주장) 버리다, 포기하다 
renounce, repudiate
abdicate, relinquish"
abnegate,"(권리) 버리다; (쾌락) 끊다, 자제하다"
abominate,"혐오하다, 증오하다"
abominate,"despise, loath"
abound,"풍부하다 
a. abundant"
abound,proliferate
absolve,exornerate
abstemious,"(음식, 음주) 삼가는, 절제하는 
<abstain 삼가다 절제하다"
abstemious,austere
abstracted,divorced
abstruse,"심오한, 난해한
 inscrutable, unfathomable, esoteric, impenetrable, recondite, enigmatic"
absurd,터무니 없는
abysmal,"1. 심연의, 매우 깊은 2. 끔찍한, 매우 나쁜, 최악의"
abysmal,immense
accede,"동의하다, 응하다"
accession,"1.취임,즉위; 가입 2.*승낙,응낙, 동의 =acquiescence(묵종, (암묵적)승낙)"
accession,acquiescene
accolade,"찬사, 칭찬, 영광"
accretion,점진적으로 증가하다
accretion,accession
accrue,누적으로 쌓이다
acentuate,highlight
acerbic,"신랄한, 쓴 맛의"
acerbic,mordant
acknowledge,"1.인정하다, 인지하다, 2.감사하다"
acquiescent,"잠자코 동의하는, 묵인하는, 묵종하는 
n.acquiescence 묵인, (암묵적)승낙 
v.acquiesce (마지못해) 순응하다, 따르다; 묵종하다"
acquisition,"습득; 습득,구입,취득한 것"
acquisitive,소유욕(물욕)이 많은
acquisitive,covetous
acquisitive,"rapacious, avaricious, avid, covetous"
acrimonious,신랄한
acumen,"명민함, 통찰력, 혜안"
ad hoc,"즉석의(-에서 마련된), 임시의 arranged or happening when necessary and not planned in advance
- The meetings will be held on an ad hoc basis."
adamant,단호한
adaptability,적응성= flexibility
adduce,"근거로 제시하다, 증거로 인용하다"
adept,"숙련된, 능숙한"
adopt,"입양하다, 택하다, 사용하다"
adroit,능숙한= dexterous
adulterate,(불순물을 섞어) 순도/품질을 떨어뜨리다
adversarial,"적대적인 
= antagonistic"
aesthetic,심미적인
affable,"상냥한, 친절한, 사귀기 쉬운
= cordial(다정한, 화기애애한)"
affable,cordial
affable,easygoing
affected,"가장한, 꾸민 assumed artificially"
affiliate,"1.가입하다, 2.교제하다, 친분관계를 맺다"
affiliated,kindred
affinity,"친근함, 유사성"
affluent,"부유한, 풍성한
rich, abundant"
aggrandize,"증대시키다; 칭찬하다, 과장하다"
agile,"민첩한
nimble"
agile,nimble
airtight,"밀폐된, 기밀의"
airtight,"sealed, impenetrable"
alacrity,"민첩, 민활 
liveliness, eagerness"
alarcrity,"promptness, avidity"
albeit,~에도 불구하고 although
allegiance,"충성; 충실,헌신"
allegiance,"loyalty, homage"
allegorical,"우화의, 비유적인"
allegorical,"emblematic, figurative"
alleviate,"완화시키다, 가볍게 하다"
allure,"매력, 유혹하다"
allusive,암시적인
aloof,"쌀쌀맞은, 무관심한, 냉담한 detached"
altruism,이타주의
altruistic,이타주의적인
amalgam,혼합물 <v.amalgamate
amalgam,"mixture, alloy, compound"
amalgamate,"혼합시키다, 융합시키다"
ambient,"주변의, 주위의; 환경, 분위기"
ambiguous,"애매한, 여러가지로 해석할 수 있는"
ambivalent,"상반된 감정이 있는, 양면적인"
amble,"walk casually, drift, meander"
ameliorate,개선하다
amorphous,"형태, 정의가 불명확한 shapeless"
ample,"충분한, 풍만한"
ample,"sufficient, plentiful, copious"
amusing,"재미있는, 즐거운"
anachronistic,"시대착오적인; 구시대적인 having an ""error in chronology""; no longer in use or vogue"
analogous,유사한
anathema,"파문, 저주, 증오"
anathema,"pariah, bane, abomination; denouncement, sensure, denunciation, excommunication; Racial prejudice is anathema to me."
ancillary,"부속의, 보조의"
anecdote,"일화, 짧은 이야기"
anemic,"feeble, frail, wan"
animadversion,"호된 비난, 비평, 혹평"
animadversion,"slur, knock, blame, faultfinding, opprobrium"
animate,"생기를 불어넣다
a. animated 활력있는, 활발한"
animated,"활력 있는, 활발한"
animus,"적대감, 혐오감, 반감"
animus,"bile, temper; Adolescent boys occasionally harbor X towards the advice of adults."
anneal,"(금속이나 유리를 불에 달궜다가 천천히 식혀) 강화시키다, 담금질하다"
annihilate,destroy
annoying,unwelcome
annul,"무효로 하다, 취소하다, 폐지하다; abrogate"
annul,"abolish, expunge, dissolve, quash, repeal, vacate"
anodyne,"n.진통제; 감정을 완화시키는 것 
a.진통의;감정을 완화시키는"
anodyne,"relieving; anesthetic, sedative, soother, painkiller"
anomaly,"비정상, 변칙, 이례 
a. anomalous 변칙적인, 비정상의, 이례적인"
anonymous,obscure
antagonism,"적의, 적대감"
antecipate,prefigure
antediluvian,archaic; ante + deluge(flood)
anthropogenic,인간 활동에 의한; 인위적인
anthropomorphism,의인화
anticipate,"예상하다, 예측하다, 기대하다; prefigure"
antidote,해독제
antiquity,"고대, 유물"
antiquity,relic
antithetical,반대의
antithetical,"inverse, converse, poles apart"
apathetic,"무관심한, 무정한 n. apathy"
apathetic,"callous, laid-back, stoic"
apathy,무관심
aped bape,imitate
aped,imitated
apologist,advocate
apotheosis,"elevation, glorification, deification"
appologist,"옹호자, 변론자"
apposite,아주 적절한
apposite,"pertinent, germane, timely"
appraise,평가하다
appreciate,진가를 알아보다; 감사하다; 인식하다; 가치가 오르다
appreciation,appraisal
apprehension,두려움 adj. apprehensive
apprehension,trepidation
appropriate,"전용하다, 도용하다; (비용을) 책정하다; borrow"
appropriate,borrow
appropriation,"도용, 전용"
appropriation,allocation
aptness,적절함; 경향; 재능
aptness,"talent, aptitude"
arbitrary,"임의적인, 제멋대로의; 독단적인"
arcane,"난해한; esoteric, occult"
archetype,전형
archetypical (=archetypal),classic
arid,"매우 건조한; 무미건조한, 재미없는"
arousal,"각성; 환기; 자극, 흥분"
arraign,"비난하다; 기소된 내용을 캐묻다, 조사하다 
censure, accuse

아래있는 피고인을 아래인하다. g 모양처럼 캐묻다. 조사하다"
arraign,"accuse, indict, summon"
artificial,spurious
ascending,mounting
ascribe A to B,"A를 B 탓으로 돌리다
- He ascribed his failure to bad luck."
aspersion,"slur, calumny, animadversion, libel, abuse"
aspersion*,"비난, 비방, 중상 slander"
assert,"주장하다, 단언, 확언하다 
maintain, affirm, attest, aver, avow"
assert,maintain
assertive,"단정적인, 확신에 찬 (완강히) 주장하는, 독단적인"
asseverate,"단언하다, 증언하다, 확언하다 assert"
asseverate,"aver, avow, state categorically"
assiduous*,"근면 성실한, 면밀한 showing great care and perserverance // as(ad)+sid(sit)+uous=> ~쪽으로 죽치고 앉아있네.."
assimilate,"(지식, 정보) 완전히 이해하다, 흡수하다/ 동화하다 // as(ad)+simil(같은)+ate=>~쪽으로 같게 만들다=> 동화하고, 내것으로 만들어=>흡수하다 이해하다"
assorted,다양한 //
assorted,"sundry, motley, variegated"
assured,settled
astute,"canny, shrewd"
astute*,"명민한, 기민한, 영리한; having insight or acumen; perceptive; shrewd //"
attenuate,"1. 가늘게하다 
2. 약화시키다
<tenuous 가느다란, 묽은, 얇은, 가벼운..."
attest to,"증명하다, 입증하다
- Police records attest to his long history of violence."
attest to,"asseverate, vouch, substantiate"
atypical,이례적인 <>typical
audacity,용기
augment,"증가/증대시키다 to increase, extend"
august,"위엄있는, 존엄한 dignified and impressive"
august,"dignified, grand, exalted, pompous"
auspicious,"길조의, 상서로운, 행운의 
n.auspice 길조 
 <> omen (-)전조의 a. ominous"
auspicious,propitious
austere,"1.엄격한* 
2.금욕적인* 
3.꾸밈없는, 간소한, 소박한* 
-'austere budget' 긴축재정"
authenticated,"입증된, 검증된 
n. authenticate 진짜임을 입증하다"
authoritative,definitive
autocratic,"독재의, 독재적인 dictatorial"
autumnal,"mature, blooming"
avant-garde,"전위적인 Avant-garde art, music, theatre, and literature is very modern and experimental"
avant-garde,"unconventional, forward-looking, beat, head, hip"
avaricious,"rapacious, avid, covetous"
avaricious*,탐욕스러운
avatar,"1. (인도신화) 화신(化身), 권화 
2. 구현, 구체화
3. (컴퓨터) 아바타 (인터넷상의 공유 공간에서 유저(user)의 화신이 되는 캐릭터)"
avatar,"epitiome, personification"
aver,"단언하다, 주장하다 
assert, asseverate"
aver,"assert, asseverate"
avert,forestall
avian,"새의, 하늘을 나는"
avidity,"(열렬한) 욕망, 갈망; 탐욕
a. avid 열심인, 열정적인; 탐욕적인 keen, eager"
avidity,"avarice, cupidity"
avow,"주장,인정하다 acknowledge, admit, proclaim"
avow,"aver, profess, state, assert, asseverate"
awkwardness,"어색함; 다루기 어려움; 거북함
clumsiness"
awkwardness,clumsiness
awry,"amiss, askew, astray, bent"
backbiter,(뒷전에서) 험담하는 사람
backwater,"침체상태; 벽지, 후미진곳; (강의) 잔잔한 후미"
balkanize,(제1차 세계 대전 후 발칸 반도 제국처럼) 서로 적대시하는 작은 나라로 분열시키다 ; 분열시켜 다투게 하다.
balkanize,"devide, compartmentalize"
ballyhoo,"(-) 괜한 소란, 소동, 야단법석"
ballyhoo,"propaganda, hype"
banal,stale
banish,expel
banter,"가벼운 대화, 농담
badinage, raillery"
banter,raillery; fun
barring,"~을 제외하고, ~이 없다면 
- Barring accidents, we should arrive on time."
barring,excepting
baseless,untenable
bedrock,(튼튼한) 기반 foundation
bedrock,foundation
befuddled,혼란스러워하는
befuddled,"baffled, bewildered"
beguile,"1.속이다 
2.매료시키다* beguiling 매력적인"
beguile,"entice, seduce, fool, charm, delude, hoodwink, lure"
belie,contradict
belie,mask
belittle,"1. 얕보다, 흠잡다, 과소평가하다, 경시하다 
2. 작게 하다[보이게 하다], 하찮게 만들다."
bellicose,"호전적인, 싸우기 좋아하는 
belligerent"
belligerent,"1.호전적인 hostile, aggresive, bellicose
2.전쟁중인"
bemoan,"슬퍼하다, 한탄하다
bemoaned 슬퍼하는, 한탄하는 (?)"
bemused,"멍한, 넋이 나간, 어리벙벙한; 마음을 빼앗긴
puzzled, confused, baffled"
bemused,"abstracted, absorbed, distracted, perplexed"
beneficent,"자비로운, 자선을 베푸는 
benevolent, altruism"
beneficial,"유익한, 이로운"
benevolence,"자비심, 박애; 자선, 선행
a.benevolent=beneficent"
benighted,"무지한, 원시적인 
unenlighted, primitive,"
benighted,"unlearned, backward, ignorant"
bereft of,"~가 없는, 빼앗긴 deprived of"
betoken,"(...의) 징조[전조]이다
- a clear blue sky betokening a fine day"
betoken,indicate
betoken,portend
betray,"divulge, evince"
bland,"특징업는, 단조로운; 맛이없는; 재미없는, 건조한 =insipid"
bland,insipid
blatant,"1. 뻔한, 명백한 
2. 떠들썩한"
bleak,"암울한, 절망적인; 으스스한, 음산한, 황량한 
If a situation is bleak, it is bad, and seems unlikely to improve 이런 상황에서 사람들은 despondent 해질지도 모름 blanc, pale"
bleak,"depressing, grim, somber, dismal"
blemish,"흠, 결점, 오점"
blemish,defect
bludgeon,뭉둥이로 패다. 강요하다
boon,"은혜, 혜택, 행운 fortune"
boorish,(-) 촌뜨기 같은; 무례한
braggart,"n. 허풍쟁이, 떠버리 bragger 
a. 허풍떠는, 자랑하는 boastful"
brazen,"unabashed, audacious"
brazen*,"뻔뻔한, 철면피의 
brassy, brash, brazen, barefaced"
brevity,간결함 <brief
bridle,"check, control, curb"
bridle,"n. 1.(말)굴레 =>2.구속, 속박, 억류 
v. 1. (말에) 굴레를 씌우다 2. (감정을)억제하다 restrain"
bristle,"(~에) 화가 나서 발끈하다 
bristling 화가 나서 발끈한"
bristle,"become upset, 털이 곤두서다, bridle, boil, excited"
brook,참다 tolerate
brook,tolerate
bucolic,pastoral
bumbling,"갈팡질팡하는, 실수를 잘하는; 무능한"
bumbling,"bungling, gauche, blundering"
buoy,기분을 좋게 하다(북돋다) n. buoy 부표
burdensome,"부담스러운, 힘든"
burgeon,"급성장하다, 번영, 발전하다
-The market has burgeoned in recent years."
by no means,결코 ...이 아닌
bypass,circumvent
bypass,"v. 우회하다; 회피하다; 무시하다; (단계,절차를) 뛰어넘다 
circumvent"
byzantine,"(미로처럼) 복잡한, 뒤얽힌; 권모술수의, 음모의 complicated or secretive"
byzantine,"complex, daedal"
cache,은닉처
cajole,"감언으로 꼬셔서 ~하게 하다 blandish, coax"
cajole,"attempt to coax, entice, tantalize"
callow,"green, immature"
calm,"n. (마음의) 평정(平靜), 침착, 차분함; 평온
=quiescence(고요함, 조용함, 잠잠함)"
camaraderie,"우정, 동지애 friendship, amity"
candor,"솔직함 
< a. candid"
candor,"outspokeness, probity"
canned,"판에박힌, 틀에 박힌, 진부한
=formulaic (정형화된)"
canned,formulaic
canny,"약삭빠른, 영리한 
shrewd, clever"
canonize,성자의 반열에 올리다; 성전(聖典)[정전(正典)]으로 인정하다; 찬미[칭찬]하다; 신성시하다; (특히 종교적) 권위를 가지고 인정하다
canonize,"idolize, bless, consecrate, beatify, sanctify"
cantankerous,"성미가 고약한, 불평을 달고 사는"
cantankerous,"irascible, quarrelsome, testy, crabby"
canvass,"1. (선거구) 유세하다
2.(여론, 의견을) 조사하다 
3. 면밀히 살피다"
canvass,poll
capitulate,"항복하다, 굴복하다 
<'cap' 머리"
capricious,impulsive
captivate,"매료시키다
*captivating = very attractive"
captivate,"beguile, bewitch, enthrall, enchant, hypnotize"
carping,"트집 잡는, 잔소리 심한, 투덜거리는"
carping,"complaining, whining, caviling"
castigating,chastising
castigating,reprimanding
casual,cursory
cataclymic,"catastrophic, destructive"
cataclysmic,"격변하는, 대변동의"
catchall,"inclusive, comprehensive"
caterwaul,"scream, quarrel"
caterwaul,"v. (고양이 소리같이) 새된 소리를 내다 
=shriek n.고양이 울음소리"
cease,"그만두다, 멈추다; 멎다, 끝나다"
cease,"stop, halt, refrain"
cede,"포기하다, 양도하다 ('국가, 영토, 주권' 관련)
- Russia ceded Alaska to the U.S. in 1867."
cede,"capitulate, concede, grant"
celebrated,renowned
censure,reprehend
censure,reprimand
centrifugal,"원심력의, 원심력을 이용한, (중심에서) 밖으로 향하는/"
centrifugal,"원심성의, centrifutal force"
chariness,"wariness, alertness"
chary,prudent
chastening,"훈계의, 질책의; 역경의, 반성의//
[v] *chasten 꾸짖다, 훈계하다"
chastising,"벌하는, 꾸짖는 
[v] *chastise ↓ 몹시 비난하다, 꾸짖다, 벌하다 (berate, reprimand, reprove, rebuke, admonish)"
check,"hinder, restrain, curb, stem"
checking,stemming
chimera,"1. 키메라(사자의 머리에 염소 몸통에 뱀 꼬리를 단 그리스 신화 속 괴물)=> 2. *불가능한 생각[희망], 망상"
chimera,"illusion, 불가능한 생각"
chivalrous,"valiant, courteous"
choleric,"화 잘내는** 
irascible, crotchety, testy"
choleric,"peevish, cho초이레릭"
chronology,연대순; 연대표
chronology,연대표
cipher,암호
circumscribe,confine
circumvent,"avoid, skirt, evade"
cite,"인용하다(quote), 예증하다(mention); 열거하다"
civil,"1.민간의 2.정중한, 예의 바른 3.시민의"
clamorous,"떠들썩한, 시끄러운; 시끄럽게 요구하는, 불평을 말하는"
clannish,"씨족의, 당파적인 clan=씨족"
clear out,(~을 없애고) 청소하다
clear out,"dispose of, eliminate"
clement,"관대한 lenient // 
n. clemency 자비, 관대함 mercy <>*inclement=merciless"
clement,lenient
clumsy,"어설픈, 어색한; 서투른, 세련되지 못한"
coddle,"관대하게/너그럽게 대하다, 버릇없이 기르다 mollycoddle, spoil"
coddle,"pamper, indulge 궁디팡팡.."
coercion,"강제, 강요, 강압"
cogent,"설득력 있는 convincing, persuasive"
cogent,convincing
coherence,"일관성
[a] coherent 1.( 글) 일관성 있는, 조리가 맞는 2. (사람) 조리 있는"
collaborate,"1. 공동 작업하다, 협력하다 2. (적과 내통하여) 공모하다"
collapse,"[v] 붕괴되다, 무너지다; 실패하다; (가격)폭락하다; (신체)쇠약해지다 
[n] 붕괴; 실패; 쇠약, 의기소침"
collegiality,동료간의 협조·협력 관계
collegiality,협력관계
colossal,"거대한, 엄청난
- There has been a colossal waste of public money"
colossal,immense
combine,"결합하다, 결합되다, 협력시키다 
=meld(섞이다, 혼합되다)"
combine,"meld (섞다, 혼합하다)"
comity (courtesy),civility
comity,"우의; 예의(courtesy), 예절 
=amicableness(우호적임, 원만함)"
commence,"시작되다[하다]
- The meeting is scheduled to commence at noon"
commence,commence fire!
commend,"1. (특히 공개적으로) 칭찬하다 
2. 추천하다, 권하다"
commend,recommend
commiserate,"위로, 동정을 표하다"
commiserate,sympathize
complexion,"안색 
- a pale/bad complexion (창백한/좋지 못한 안색)"
complimentary,"칭찬하는, 경의를 표하는
- a complimentary address (축사)"
complimentary,flattering
complimentary,free
composure,calmness
compound,"[n] 복합체, 화합물, [a]합성의, 복합의 
[v] 섞다, 혼합하다"
compound,complicate; mixture
comprehensive,"1. 포괄적인, 종합적인 
2. 이해하는; 이해력이 있는, 이해가 빠른"
comprehensive,exhaustive
comprehensive,sweeping
compromise,impair
compuction,"regret, rue, ruth"
compulsory,"강제적인, 의무적인, 필수의
obligatory"
compulsory,"binding, imperative"
compunction,"양심의 가책, 뉘우침, 죄책감 qualms**, scruples"
concede,"1.(옳음을, 맞음을)인정하다 2. 양보하다"
concede,acknowledge
conceivable,"상상할[믿을] 수 있는, 가능한"
conceivable,"reasonable, imaginable, easy to understand"
conciliatory,"달래는, 회유적인 
[v] conciliate 1. 달래다, 위안을 주다 2. 화해시키다"
concomitant,[a] 수반되는(with) [n] 수반되는 일
concurret,"a. 동시에 발생하는 
-concurrent factors (동시에 발생한 일)"
condone,"묵과하다, 용서하다"
condone,wink at
conducive (to v),"도움이 되는
- The noisy environment was not very conducive to studying 
= favorable, beneficial, advanteous"
conducive,helpful
conflate,융합[합체]하다
conflate,"amalgamate, meld, consolidate, merge"
confound,"혼돈시키다, 당황케 하다
bewilder, baffle, perplex"
confused,"muddled (헝클어뜨려진, 뒤죽박죽된)"
congeniality,"일치, 합치, 친화성//
[a] congenial 친근한, 사근사근한"
congeniality,"amiability, affability; 친화성, 적합성"
conjectural,"추측의, 억측의, 확정적이 아닌
speculative"
conjectural,speculative
connotation,함축
connotation,implication
conscientiousness,"[a] conscientious 1. 양심적인 2.면밀한, 근면 성실한, 꼼꼼한*"
considerate,"사려 깊은, (남을) 배려하는"
consign,"위임, 위탁하다 
assign, allocate, relegate"
consign,"relegate, hand over, entrust (맡기다)"
consistent,"한결같은, 일관된"
consolidate*,"1. 통합하다 consoldate, coalesce, amalgamate
2. 강화하다, 입지를 굳히다 strengthen* 
<주의> solidify (고체로만들다) 와 무관"
constrain,"1. 강제하다
2. **억제하다, 막다 
restrain, curb, check"
constrict,constrain
construe*,"해석하다, 알기쉽게 설명해주다(해석해주다) interpret 
- They construed my smile as assent."
consummate,"1. (기술, 실력) 완전한, 완벽한* (= complete)
2. 완전하게 하다, 완성하다"
consummate,"polish off, achieve, terminate"
contagious,"(접촉을 통해) 전염되는, 전염성의
- a contagious disease"
contemplate,ponder
contemplate*,"1. 응시하다
2. 심사숙고하다*
<temple : 사색의 장소"
contemptuous,"경멸하는, 업신여기는"
contemptuous,"condescending, disdainful, haughty, scornful"
contend,"1. 싸우다, 다투다
2. 주장하다 argue"
contend,"dispute, argue"
contentious,"1. 논쟁적인 querrelsome 
2. 논쟁을 일으키는 controversial 
tendentious (과격한, 극단적인)"
contentious,controversial
contentious,tendentious (편향 -> 과격까지)
contingent upon,"~여하에 따른, ~여부에 따른"
contour,"(사물, 사람의) 윤곽, 외형 ; 등고선"
contour,"delineation, profile"
contradiction,"1. 부정, 부인; 반박, 반대
2. 모순, 자가당착, 상반; 모순된 말[행위, 사실]"
contravene,infringe (위반하다. 제한하다. 침해하다)
contravene,violate
contrive,fabricate
contrived,"(-) 억지로 꾸민 듯한, 부자연스러운, 인위적인 
[v] contrive (-) 꾀하다, 획책하다 plan with evil intent; fabricate, plot, scheme"
contrived,"overly planned, false, phony, affected, overdone, artificial"
contumacious,"headstrong, obstinate"
contumacious*,고집센 resistant
conundrum**,"난제, 수수께끼** enigma"
convection,(기체나 액체에 의한 열의) 대류
convection,"transfer, 기체의 대류"
conventional*,"틀에 박힌, 진부한* , 평범한, 전통적인"
conversant,"experienced, familiar with"
conversant*,"~을 잘 아는*, 친숙한, 정통한
experienced, familiar 
- She's conversant in several languages"
convey ideas,"=impart ideas ""전하다"""
convey,impart
convictive,"설득력 있는; 잘못을 자각하게 하는
persuasive"
convictive,"persuasive; cpnviction (설득력있는, 잘못을 자각하게 하는) 유죄선고"
convoluted,tortuous
convoluted**,"복잡한**, 난해한
intricate, complicated, byzantine(비잔팅양식의; 정교하고 복잡한)"
copious*,"풍부한, 많은
- The storm produced a copious amount of rain. 
n. copiousness*"
corroborate*,확증하다 confirm
corrosive,"1. 부식을 일으키는, 부식성의; 
2. 좀(갉아) 먹는 
3. <풍자·비판 등이> 신랄한, 통렬한"
corrosive,"부식성의, 좀먹는"
countenance,지지하다
countenance*,"찬성하다, 지지하다*, n.표정, 용모, 안색 
(A) countenance (A) = champion*"
countermand,다른 주문을 함으로써 명령을 철회하다
countermand,"취소하다, 철회하다"
counterproductive,"비생산적인, 역효과의"
coveted,"탐내는 enviable 
[v] covet 탐내다, 갈망하다"
coveted,enviable (탐낼만한)
covetous,"탐내는, 갈망하는"
covetous,"탐하는, 갈망하는 envious, greedy, desirous"
cower,"(두려워) 움츠리다 
- They cowered at the sight of the gun."
cower,겁을 먹고 몸을 숙이다
crassness,"어리석음 ; 엉뚱함 
[a] crass 우둔한, 아주 어리석은"
crassness,"어리석음, 엉뚱함"
craven,"용기 없는, 비겁한"
craven*,"1. 소심한, 겁쟁이의, 비겁한 cowardly, timid 
2. 겁쟁이, 비겁한 사람 coward"
croon,"(조용히 부드럽게) 노래하다, 흥얼거리다"
crucial,"중대한, 결정적인 critical"
cue,"n. (무엇을 하라는) 신호 
v. (무엇을 시작하라는) 신호를 주다"
culmination,"정점, 최고조 
crest, apex"
culpability,"과실, (죄에 대한) 책임 
[a] culpable* 비난 받을 만한, 과실이 있는 guilty, blameworthy <culpa 죄"
culprit,"죄인, 범인; 원인"
cultivate,"경작하다; 재배하다; 양성하다, 계발하다, 교화하다, 촉진하다, 장려하다; (친구,교제를) 구하다, 돈독히하다"
cumbersome,"다루기힘든; 방해가 되는, 귀찮은, 성가신
=unwieldy (다루기힘든, 거추장스러운)"
cursory,"(-) 대충 하는, 피상적인"
curt*,"1. (말) 퉁명스런
2. 간결한, 짧은* terse, concise"
curtail,"축소하다, 줄이다, 삭감하다* 
<cut a tail의 준말. (""쥐꼬리 봉급 삭감하다"")"
cynical**,"냉소적인 distrustful**
doubtful, suspicious"
dampen,"1. 축축하게 하다 
2. (활력, 열의) 꺽다 (<찬물끼얹다) discourage"
daunt,"위협하다, 겁나게 하다, 기죽이다 cow
>dauntless 겁 없는, 용감한, 대범한 
undaunted, audacious"
dead,"(-) 생기 없는, 무기력한, 지루한; 침체된, 불황의. 
=inactive, inert(기력이없는)"
dearth,"(...의) 부족[결핍]
- There was a dearth of reliable information on the subject."
debacle*,"재앙, 재난 catastrophe, calamity"
decay,"부패, 부식; 쇠퇴, 쇠락 
deterioration (악화, 하락)"
deceitful,"기만적인, 부정직한, 속이는"
deceleration,"감속 
[v]decelerate 속도를 줄이다 <>accelerate"
decrepit,"(人)노쇠한, 노후한 infirm, debilitated 
- a decrepit old man / 다무너져가는 decrepit 크레페 크림 범벅 흐물흐물한 집.."
defender,=proponent
deflate,"(타이어, 풍선 등)공기를 빼다, 기를 꺾다"
deflect,"방향을 바꾸다, 바꾸게 하다; 빗나가게 하다; ""피하다"", 모면하다, 막다 
If you deflect something such as criticism or attention, you act in a way that prevents it from being directed towards you or affecting you."
deified,"신격화된//
deify 신격화하다, 숭배하다
<deity 신 -These young men deify financial success."
deign,"(신분높은 사람이) 황송하게도 ~해주다// 
(-) 자신을 낮추어 ~하다, dignity에 안맞는 일을 한다는듯이 굴다 condescend"
delegate,"1. 대표, 사절, 
2. 대표로 파견하다, 
3. 위임하다"
delirious,"1. (보통 고열로 인해) 의식이 혼미한, 헛소리를 하는
-He became delirious and couldn't recognize people
2. 좋아서 어쩔 줄 모르는, 기뻐 날뛰는 
- delirious with joy"
demanding,"1. (일이) 부담이 큰, 힘든
2. (人) 요구가 지나치게 많은, 쉽게 만족하지 않는"
demarcation,경계; 구분
demise,"1. 죽음, 서거 2. 종식, 종말"
demolished,"파괴된, 철거된, 괴멸된 
[v] demolish 파괴하다 to destroy completely 
=decimate"
demonstrate,"입증하다,논증하다; 설명하다"
denounce,↓ 공공연히 비난하다
denunciation,"(공개적으로 하는) 맹렬한 비난//
[v] denunciate↓공공연히 비난하다 denounce"
deplete,고갈시키다
deploy,"1.(군대)배치하다 2. (효율적으로) 이용하다
= move strategically"
depraved,"타락한, 부패한 
n. depravity 타락, 부패, 사악"
depreciate,"↓1.평가절하하다 2.깎아내리다 disparage, deprecate"
derisive,조롱[조소]하는
derivative,"n. 파생어; 파생물
a. 유래된, 파생적인, 2차적인; (-)독창적이아닌, 새롭지않은,모방한"
despondent,"낙심한, 풀 죽은
dejected, disheartened"
destroy,"파괴하다; 말살하다
annihilate(전멸시키다)"
deteriorate,"악화시키다, 손상시키다 worsen 
- People made efforts to save a deteriorating rain forest."
detest,"몹시 싫어하다, 혐오하다"
detrimental,해로운
devious,"부정직한, 사악한"
devolve,"<권리·의무·직분을> 양도하다, 맡기다, 넘기다 
- the need to decentralize and devolve power to regional governments"
dexterous,"솜씨 좋은, 능숙한"
diagnose,"진단하다 
determine, recognize, detect, pinpoint"
dialect,"방언, 사투리"
dichotomous,"양분된, 이분법의; 둘로 갈라진 
contradictory"
dichotomy,"이분법, 양분됨"
dictatorial,"독재(자)의, 독재적인"
diffident,"자신 없는, 기가 죽은, 수줍어하는"
diffuse,"1.퍼뜨리다, 확산시키다 spread 
2.널리 퍼진, 분산된 
3.장황한"
diffusive,"널리 퍼진, 보급되기 쉬운, 보급력이 있는; 확산성의; 산만[장황]한; 수다스러운"
digress,"(주제, 본론에서)벗어나다
deviate from the main topic"
digressional,본론을 벗어난; 탈선한
dim,"어둑한, 흐릿한"
diminutive,"아주 작은
minuscule (극소의)"
disabuse,"(그릇된 생각) 바로잡아주다 <>abuse 남용,오용하다 
-Let me disabuse you of your foolish notions about married life."
disallow,"인정하지 않다, 받아들이지 않다"
disarmed,"무장해제된, 비무장의; 마음이 누그러진 // 
*disarming 
(심리적으로) 상대방을 무장 해제시키는, (화,적개심을) 누그러뜨리는, 달래는, 
- We are all charmed by his disarming openness and modesty."
disarray,"(상황・장소가) 혼란(스러움) disorganized, confused"
disband,"(조직을[이]) 해체[해산]하다, band 의 반대"
discard,"버리다, 폐기하다"
discernible,"분간할 수 있는, 구별[식별, 인식]할 수 있는=discernable
[v] discern 알아보다, 인지하다, 이해하다, 분별하다, 구별하다 recognize, perceive"
discernment,"인식력, 분별력, 판단력"
disconcerting,당황케 하는
discrete,"불연속의, 분리된, 별개의 
separate, distinct"
discretion,"1.신중함 <a.discreet 
2.*자유재량, 결정 personal decision"
discretionary,"재량껏 할 수 있는 giving somebody authority to decide 
<""discretion (2)자유재량, 결정"""
discursion,"종잡을 수 없는 말, 만담, 탈선; 지리 멸렬, 산만함"
discursive,"주제를 벗어난, 산만한
digressive"
disdain,"1.무시, 경멸 
2.무시, 경멸하다"
disequilibrium,"불안정, 불균형"
disgorge,"토해내다, 쏟아내다, 방출하다
- The pipe disgorges sewage into the sea. ; gorge 삼키다 꼬치를 고지..?"
disinclined to,"내키지 않는, 꺼리는"
disingenuous,"솔직하지 않은, 부정직한
**ingenuous 순진한, 솔직한 artless"
disjunctive,"분리의, 이분법적인 dividing 
[n] disjunction 괴리, 차이"
dismal,"음산한, 음울한, 참담한, 매우 안 좋은 ↓
depressed, gloomy, dejected 
- The show was a dismal failure."
dismantle,"분해, 와해시키다 
demolish, destroy, disassemble,"
dismissive,"무시하는, 멸시하는 
- Mr Jones was dismissive of the report, saying it was riddled with inaccuracies."
disparaging,"얕보는; 험담하는, 비난하는"
disparities,"[pl] disparity 격차, 차이, 불균형 variances(차이)
(주의)variance : 변화, 변동"
disparity,"격차, 차이, 불균형 
[a]disparate 본질적으로 다른"
dispatch,"보내다, 파견하다/파견, 발송
- Troops have been dispatched to the area. (그 지역에 군대가 파견되었다)"
dispel,"떨쳐 버리다, 없애다 (idea/feeling)
- His speech dispelled any fears about his health."
dispense with,"(더 이상 필요 없는 것을) 없애다[생략하다]
- Debit cards dispense with the need for cash altogether"
dispirited,"기력을 잃은, 의기소침한, 낙심한.
[v] dispirit (열정, 사기, 희망 등을) 잃게 하다 dampen, discourage, dishearten"
displeased,"화난, 불쾌한, 불만인"
disregard,"무시[묵살]하다/ 무시, 묵살
defy, disregard, flout"
disrupt,"방해하다, 지장을 주다"
disseminate,"퍼뜨리다, 전파하다 spread, disperse, transmit*"
dissent,"의견을 달리하다, 반대하다 <>assent, consent"
dissident,"반대하는/ 반대자
disagreeing, dissenting"
distasteful,"불쾌한, 혐오스러운"
distend,"...을 넓히다, 부풀게 하다, 팽창시키다."
distinct,"별개의, 독특한, 다른 discrete 
distinctive 특색 있는, 다른 것과 다른, 독특한"
diverge,"(다른 방향으로) 갈라지다[분기하다/나뉘다]
a. divergent 분기하는, 갈라지는, (의견) 다른"
divisive,"분리, 분열시키는 
alienating, isolating 
- He believes that unemployment is socially divisive."
dormant,"활동이 없는, 휴면기의
-The seeds will remain dormant until the spring."
dour,"시무룩한, *뚱한, 우울한"
douse,"1. 물을 뿌려 불을 끄다
2. (액체를) 흠뻑 붓다; 적시다 drench"
dovish,"비둘기(파) 같은; 온건한, 평화를 열망하는 peaceful"
draconian,"(법, 조치) 가혹한, 아주 엄격한 very severe 
<Draco(人):로마에서 법 만든 人, 그 법이 너무너무 severe해서 '악마'로 번역되기도."
drawback,"결점, 문제점"
drollness,"우스움, 익살맞음.
[a] droll 웃기는, 익살스런 humorous"
drone,단조롭게 말하다
dubious*,"1. 의심스러운
2. 의심하는
3. 불확실한"
dumbfounded,"(너무 놀라서) 말을 못 하는[말이 안 나오는] 
- The news left her dumbfounded."
dwindle,점차 줄어들다 diminish
easygoing,"태평한, 마음 편한; 유장한, 느긋한, 게으른"
ebb,"[v] 1. 바닷물이 빠지다, 썰물이 되다 2. 서서히 사그라지다[약해지다] [n] 썰물, 간조; 쇠퇴기"
ebullient*,"1. *활기, 열정이 넘치는, 패기 넘치는
2. boiling ↑"
eccentric*,"독특한(+), 이상한(-)"
ecumenical,"전(全) 기독교적인, 세계 교회 주의의; 세계적인, 전반적인, 보편적인 
ecumenic, catholic"
edible,"먹을 수 있는, (독이 없어서) 먹어도 되는[식용의]"
edifying,"교화적인, 의식 고양적인// 
[v] edify 교화하다, 가르치다"
efface,"삭제하다, 지워 없애다
*self-effacing 자신을 드러내지 않는"
efficacy,"효력, 효능, 효험; 유효(성),"
effrontery,"뻔뻔스러움,몰염치, 철면피"
effusive,"(감정 표현이) 넘치는, (감정을) 토로, 분출하는
<'ef' (ex) + 'fu' (흐르다)"
egregious,"몹시나쁜, 악랄한"
elaborate,"1. 공들인*, 복잡한, 정교한 
- He had prepared a very elaborate meal. 
2. 공들여 하다
3. 상술하다"
elemental,"기본적인, 근본적인 fundamental, essential, basic"
elicit,"(감정, 반응을) 이끌어내다 
evoke, provoke, ///draw*???"
emblem,상징
emblematic,"상징적인, ~을 표상하는, 전형적인 
totemic"
emendation,교정[수정]
empathy,"공감, 이해"
empirical*,"경험(실험)에 의거한, 실증적인"
empiricist,경험주의자 empiric
emulate*,"모방하다 + 경쟁하다
- Sons are traditionally expected to emulate their fathers."
enamor,"매료시키다 
captivate, enchant, fascinate, bewitche, beguiled"
enamored,매료된
encoded,암호화된
encroachment,"1. 잠식, 침략, 침해 2. 침식지; 침략지 
[v] encroach 침해하다 
- It's a sign of the encroachment of commercialism in medicine"
encumber,"1. 짐 지우다 burden 
2. 막다, 방해하다"
encyclopedic,"백과사전적인; 지식이 많은, 박식[박학]한, (특정주제에) 정통한 
=exhaustive (철저한, 완전한, 총망라한)"
endemic,"(특정 지역・집단) 고유의, 고질적인, 풍토적인
- an endemic disease 풍토병"
endorse*,"승인, 지지하다; 서명하다 subscribe to"
enduring,"영속적인, 지속적인 permanent, lasting"
enervate**,약화시키다**=sap**
enfeeble,"약화시키다, 활력을 없애다 
sap, enervate"
engender,"낳다, 일으키다 <인과관계>
beget"
enhance,"개선, 향상시키다"
enigma,수수께끼
enjoin,"1. 명령하다
2. (법률로) 금지하다"
ennui,권태
entangle,"뒤엉키게 하다, 복잡하게 만들다"
entice,"유인하다, 유혹하다"
entrenched,"확고히 자리잡은, 깊이 뿌리내린"
equity,"1.공평, 공정, 공명정대; 
2. 가치, 자산의 순가치"
equivocal,애매한
erode,"1. 침식시키다, 풍화시키다/되다 
2. 약화시키다, 무너뜨리다; 약화되다, 무너지다 
destroyed"
erstwhile,"이전의, 지금까지의
-an erstwhile opponent (이전의 적수)"
erudite,"박식한 learned, schorlarly"
erudition,"학식, 박식"
escapade,"무모한 장난[행위] an exciting and rather dangerous adventure
- the scene of Robin Hood's escapades"
esoteric,"난해한, 소수만 아는
abstruse, arcane, abstract, cryptic, recondite"
espouse,"(믿음이나 신념 등) 받아들이다, 채택하다; 지지하다, 신봉하다"
ethos,"(한 국민, 사회, 제도 등의) 기풍, 정신"
eulogize,칭송하다
euphoric,"큰 기쁨의, 행복감의; 도취(감)의."
even-handed,공정한
exacerbated,"악화된 aggravated
[v] excerbate : 악화시키다"
exaction,"강요, 강제 징수; (부당한) 가혹한 요구, 고됨 =extortion(강요, 강탈, 착취)"
exactitude,"정밀성 meticulousness
[a] exacting 정확한; 엄격한"
exaggeration,hyperbole 과장(법)
exalt,"칭송하다, 높이다; 고상하게 하다 
extol, acclaim, esteem, revere, venerate,"
exasperate,"몹시 화나게 하다; 악화시키다 exacerbate, aggravate"
excavation,"굴착, 발굴; 발굴지"
exclusive,"1. 독점적인, 전용의 -exclusive intervie (독점인터뷰)
2. 배타적인, 특권층의 - exclusive club 
3. 고가의, 고급의 
4. 배타적인 
5. ~을 제외하고"
excoriate,"몹시 비난하다 
berate, censure, chasten, rebuke,"
exculpate,"혐의를 벗겨주다, 무죄로 하다"
excuse,"1. 용서하다, 용서해주다 
2. 변명하다, 해명하다 
3. (의무 등을) 면하다 
4. [n] 변명, 해명, 사과; 이유, 핑계, 구실; 용서, 사면"
exemplary,"모범적인 
[n]exemplar 전형, 모범"
exile,"추방, 유배"
exotic,외국의; 이국적인
expansive,"(성격, 장소에서) 개방적인, 말많은 talktive or effusive
포괄적인 comprehensive"
expatriate,"[v] 조국에서 추방하다, 이민하다 
[n] 고국을 떠나있는 사람"
expedient,"편의주의적인(-), /편리한, 편법의"
expedite,"촉진시키다, 신속하게 하다
to speed up the progress"
expel,"쫓아내다, 추방하다 
oust, banish"
experimental,"(아이디어・방법 등이) 실험적인 
innovative(획기적인)"
exploit,"위업, 업적** feat; 
부당하게 이용하다, 착취하다;
(자원 등) 개발하다, 개척하다
n.exploitation 노동력 착취"
exploitative,착취하는
expostulation,"충고, 충언 
[v] expostulate 훈계하다, 따지다"
extemporize,"(연설, 연주 등을) 즉흥적으로 하다"
extensive,"1. 아주넓은(많은), 대규모의
2. (다루는 정보가) 광범위한[폭넓은]"
extenuate,"(죄, 과실) 경감시키다, 가볍게 하다"
extinguish,"1. (불을) 끄다
2. 끝내다, 없애다; 소멸시키다 
- One failure after another extinguished her hope."
extol,극찬하다 exalt
extremist,"극단주의자, 과격주의자 
zealot(광신자)"
extricate,"(위험, 곤란에서) 벗어나게하다, 구해내다, 빼내주다 
extract, release, disentangle, remove"
exuberant,"(잎이) 무성한; 열의에 찬, 원기왕성한, 활력적인
=effusively enthusiastic"
factual,"사실의, 실제의, 사실에 입각한[관한]"
faddish,"일시적으로 유행하는, 그런 유행을 좇는
stylish, trendy, voguish"
fairness,공정성 objectivity
fallacious,"잘못된, 틀린 
deceptive"
fallacy,"궤변, 오류 
misconception, delusion, error, misinterpretation,"
far-reaching,"(효과·영향 등이) 멀리까지 미치는, 폭넓은, 지대한 영향을 가져올"
faultless,흠잡을 데 없는 perfect
fecund,"비옥한 (fertile 대용단어), 생산력이 있는, 풍성한"
feeble,"연약한 infirm, debilitated, decreipt"
feisty,"혈기 왕성한, 거침없는"
feral,"야생의 wild; (사람이) 야만적인, 흉포한 brutal"
fervent,"열렬한 very enthusiastic
fervid, ardent"
fiery,"불의; 불타는/ 열정적인, 열렬한(ardent, vehement) ; 화내기 쉬운, 성급한(easily roused, irritable, spirited)
=impassioned (열정적인)"
flagged,declined
flagging,"<정력·결심 등이> 축 늘어지는, 맥이 빠지는; 줄어드는, 쇠약해 가는 
[v] flag : 약해지다, 깃발이 축늘어지다
flabby, flaccid, flagging, floppy"
flagrant,"(거짓말 등) 명백한, 악명높은 
주로 (-)단어와 함께"
flawless,"흠[티] 하나 없는, 나무랄 데 없는; 완전한, 완벽한"
flourish,번성하다
flout,"경멸하다, 비웃다, (멸시하다) ↓"
fluctuate,변동하다 (계속 변화하다)
flummery,"빈말, 공치사; 실없는소리 meaningless flattery; nonsense"
forage,(식량) 찾아 헤매다
forbear,"삼가다, 인내하다 
[n] forbearance : 인내심"
forbidden,금지된
forebear,"선조, 조상"
foreboding,"(불길한) 예감; 예언, 예보 
[v] forebode 전조가 되다 =presage, augur, foreshadow; bode = to indicate by signs"
forensic,"1. 법의학적인, 범죄 과학 수사의 
2. 법정의, 재판에 관한"
foreordain,"미리 정하다; 미리 ...의 운명을 정하다
predestine (운명짓다)"
forestall,"~을 미연에 방지하다, 기선을 제압하다"
forgo,"(하고, 갖고싶은것을) 포기하다; ~없이지내다"
formidable,"겁먹게 하는, 위협적인, 경외감을 갖게하는"
formulaic,"도식적인, 공식에만 따른"
fortuituos,우연한 accidental
foster,"1. 기르다 bring up, nurture 
2. 촉진, 육성, 발전시키다 promote, cultivate"
fractious,"화,짜증 잘 내는; 다루기 힘든"
fraught,"1. 가득한 teeming, full of, 
- an incident fraught with danger 
2. (정신) 괴로워하는, 걱정하는 distressed"
friable,잘 부서지는 easily crumbled
friendliness,"우정, 친절, 호의 geniality(친절)"
fringe,"[n] 1. 술, 술장식 2. 언저리, 주변 (border) 3. 초보, 피상적지식; 2차적인 것, 부차적 부분; 주변 4. 비주류, 과격파 fringe group
[a] 부수적인; 2차적인"
frustrating,실망시키는
fungible,대체 가능한
furtive,은밀한 secretive
fustian,"과장되고 허풍떠는
pompous, bombastic"
futile,쓸데없는 useless
gadget,"(작고 유용한) 도구[장치] ; 기계, 부속품"
gainsay,"반박하다, 부인하다, 반대하다 deny, contradict, oppose"
galling,"화나게 하는, 짜증나게 하는
[v] gall 화나게 하다"
galvanize,"자극하다, 생기있게 하다 animate, spur"
garble,"왜곡하다, 혼동하다, 섞이다"
garner,"얻다; 모으다 earn;collect 
- Durham had garnered three times as many votes as Carey. ;; from granum grain"
garrulous,지나치게 수다스러운 loquacious
gauge,"척도; 치수/ 측정하다, 나타내다; gage 게이지. 재다."
generic,"일반적인, 포괄적인 inclusive, general"
geniality,"친절, 온정"
genteel,"품위 있는, 우아한, 상류층의, 점잖빼는"
germane,"관련있는, 적절한"
give way to,양보하다
glean,모으다 collect
gossamer,"매우얇은, 섬세한"
grandstanding,"(사업, 정치등에서) 사람의 눈길을 끌려는 행위 
<[v] grandstand : (관객, 미디어로부터) 주목받으려하다, (관객을의식하여) 화려한 플레이를 하다"
graphically,생생하게 vividly
grateful,"감사하는, 고마운"
gratify,만족시키다 please
gravitas,"진지함, 무게
dignity, dobriety"
gregarious,사교적인
gridlock,"교통 정체; 정체, 교착상태"
gripping,"주의를 끄는, 흥미로운, 재미있는"
guarantee,"보장하다, 보증"
guzzle,마구 마시다; 마구 먹어 대다
hackneyed,진부한
haggle about,"사소한 것으로 시비걸다
cavil, quibble"
hailed,환호대상이 되는 acclaimed
halfhearted,"열성이 없는, 내키지 않는
apathetic, impassive, lackluster"
hamper,"막다, 방해하다 impede"
hamstring,"다리를 절게하다; 무력화하다, 좌절시키다; 방해하다 impair"
haphazard,"아무렇게나, 되는대로 random"
harbinger,"예언자, 전조 
herald, omen, augury, presage, precursor, forerunner"
harbor,"피난처를 제공하다, 숨겨주다"
harbor,"conceal, maintain, entertain"
hard-pressed,"압박당한, 시달리는"
hardy,"강건한, 용감한"
haughty,거만한
headway,"전진, 진행; 진보"
heartless,무정한 callous
hectic,"정신없이 바쁜, 빡빡한; 그래서 헥헥 대는 hectic"
hegemony,(힘의) 주도권
hermetic,"밀봉, 밀폐된, 난해한"
heterogeneous,"1. 이종의 disparate
2. 다른 dissimilar"
hew to,"...을 따르다, 준수[신봉]하다"
hierarchical,계급[계층]에 따른 stratified(층의)
high-handed,"독단적인, 고압적인"
hinder,방해하다
historic,"역사적으로 중요한, 역사에 남을 만한, 역사적인"
historical,"역사적, 역사상의"
hitch,"문제, 장애, 어려움, 난제, 
snag(문제, 곤란한일)"
hodgepodge,"뒤범벅, 잡탕, 다양함 patchwork"
homogeneity,"동종, 균질, 동질"
homogeneous,"동종의, 균질의, 비슷한"
hone,"연마하다, 갈고 닦다"
honorific,존경하는
hortatory,"충고의, 권고적인; 장려[격려]의"
hostility,적대감
hubris,"지나친 자신감, 오만함 excessive pride"
humble,"겸손한, 초라한, 소박한"
humdrum,"단조로운, 재미없는"
hypocrisy,위선
hypothesis,"가설, 가정, 추측"
iconoclastic,"성상파괴(자)의, 인습타파의"
idiosyncratic,"특이한, 독특한"
ignore,무시하다 overlook
illegitimate,위법의
immense,"엄청난, 어마어마한"
immobilize,"(정상적으로) 움직이지[걷지] 못하게 하다, 고정시키다
- a device to immobilize the car engine in case of theft"
impassionate,"열띤, 인상적인, 정렬적인"
impassive,"감정이 없는, 태연한"
impeccable,"결함없는, 완벽한"
impediment,장애물
impenetrable,"통과할 수 없는, 스며들 수 없는, 이해할 수 없는"
imperial,"황제의, 제국주의의, 제국의"
imperil,위험에 빠뜨리다
imperious,독재의 dictatorial
impermeable,"불침투성의, 뚫을 수 없는"
impertinence,"건방짐, 뻔뻔함, 주제넘게 굴기, 무례, 버릇없음disrespectful"
imperturbability,"냉정, 침착"
imperturbable,"차분한, 동요하지 않는"
impervious,"1. 불침투성의 not allowing fluid to pass through
2. 영향받지않는, 해를입지않는"
impetuous,"충동적인, 성급한"
implacable,"1. (강하게 부정적인 의견이나 감정이) 확고한, 바꿀 수 없는 
-implacable hatred (결코 누그러지지 않을 증오)
2. 완강히 반대하는"
implausible,"믿기 어려운, 타당해 보이지 않는"
imprecise,"부정확한, 애매한, 모호한 not precise"
improbable,불가능한 unlikely
impugn,"의심하다, 이의를 제기하다, 비난하다, 공격하다
challenge, question, dispute, query"
impulsive,"충동적인, 성급한"
in retrospect,"돌이켜 생각해 보면, 회고하면"
inchoate,"초기단계의, 발전하지 않은 rudimentary"
incipient,"시작단계의, 초기의, 발단의"
incisive,"예리한, 날카로운, 통렬한"
incongruous,"조화롭지 않은, 일치하지 않는"
inconsequential,사소한 trivial
inconsequentially,"하찮게, 사소하게; 이치에 맞지 않게, 엉뚱하게"
incorruptibility,"청렴결백, 오염되지 않음"
incremental,"증가의, 증대하는"
incriminate,"죄를 씌우다, 고소하다"
indefatigable,지치지 않는 tireless
indifferent,무관심한
indigenous,"고유의, 원산인, 토종인"
indigent,"궁핍한, (생필품) 결핍된"
indirect,간접적인 circuitous
indispensable,필수불가결의
indolence,게으름
indubitable,"의심할 여지 없는, 확실[명백]한"
inductive,"귀납의, 귀납적인; 유도의, 유도적인"
indulge,"1. 탐닉하다 
- They went into town to indulge in some serious shopping. 
2. 관대히 하다, ~가 제멋대로 하게 하다 coddle, mollycoddle"
industrious,"근면한, 부지런한"
inept,서투른 clumsy
ineptitude,"부조리, 어리석음; 어리석은 짓"
inert,"움직이지 않는, 활력없는"
inertial,"활발하지 못한; 타력; 관성의 
lack of movement"
inexplicable,"설명될 수 없는, 난해한 incomprehensible"
infatuate,"얼빠지게 만들다 
>infatuated (사랑하는 人에게) 미쳐있는, 푹빠진"
infeasible,실행불가능한
infelicitous,"1. 불행한, 불운한; 2. 부적절한 ; felicity 안성맞춤, 적합한, 행복한"
inferable,"추론할 수 있는 
entailed"
inflammatory,"선동적인, 강한 분노를 유발하는 causing anger"
ingenious,"독창적인, 기발한"
ingenuous,"순진한, 솔직한"
ingrained,"(기질, 습관) 뿌리깊은, 깊이박힌"
inherent,"내재적인, 본질적인, 타고난"
inhibit,"억제(저해)하다; (불안하거나 당황해서) ~못하게 하다 
hold back, restrain"
inimical,"해로운, 적대적인"
injudicious,지혜롭지 못한; (상황에) 부적절한 not sensible
innocuous,무해한 causing no injury
insatiable,"(식욕, 욕망) 만족시킬 수 없는"
inscrutable,"불가사의한, 난해한"
insipid,"재미없는, 지루한; 맛없는"
insist,주장하다
insolent*,"무례한, 불손한, 건방진"
insouciance*,"무관심; 태평, 걱정 없음
[a] insouciant 태평한, 근심없는; 무관심한 (-) ; not solicit"
instigate,"부추기다, 선동하다"
insular**,"1.섬의, 2.배타적인, 편협한* narrow-minded, parochial (교구의; 편협한)"
insulate,"1. 절연[단열, 방음]하다
2. 분리[격리]하다; 고립시키다 
- insulate a patient :환자 격리하다"
intangible*,"1. 무형의, 만질 수 없는; 2.모호한, 애매한* 
<>tangible 1.만질수있는 2.obvious"
integrity*,"1.정직, 청렴, 2.흠없는 상태, 온전함, 보전"
intelligible,"(쉽게) 이해할 수 있는 able to be understood
=readable"
intensify,"심화시키다, 강화시키다"
interchangeable,"교체할 수 있는, 호환성 있는"
interminable,끝없는
intervene,"개입하다, 끼어들다, 사이에 있다"
intractability,"다루기 어려움, 고집스러움"
intransigent,"비타협적인, 완고한 
intransigence [n]"
intricate,"복잡한, 얽힌 convoluted"
intriguing,"호기심을 자아내는, 재미를 자아내는, 매력적인"
intrinsically,본질적으로
intuitive,직관적인 spontaneous
inveigle,"교묘하게 속이다, 유인하다, 감언이설로 구슬리다 
allure, beguile, seduce, tempt, hoodwink; in 안 vei view 안 보이게 하다, 즉 사실을 감추고 교묘하게 속여서 유혹하다"
inversely,반대로
inveterate,"뿌리 깊은, 상습적인, 만성의"
invidious,"비위에 거슬리는, 불쾌한; 질투심[원한]을 일으키는. likely to cause bad feelings in other people"
invigorate,"기운나게하다, 격려하다 energize"
invulnerable,"상처입힐수없는, 해칠수없는, 안전한; 무적의, 강한"
irascibility,"성 잘 내는 기질, 성미 급함, 성마름
exasperation (격분,분노)"
irascible,"성미 급한, 화를 잘내는 
irritable"
irk,"짜증나게 하다, 화나게 하다"
irresolute,"결단력 없는, 우유부단한"
itinerant,떠돌아다니는[순회하는] traveling from place to place
jargon,전문어
jarring,"n. 삐걱거림, 진동; 부조화, 알력, 충돌
a. 삐걱거리는, 거슬리는; 조화되지 않은; 알력의 
to have a harsh or unpleasant effect on someone or something"
jaundice,"1. 편파적으로 대하다, 불리하게 처리하다 
2. 편견*, 시기, 질투 
[a] jaundiced 편파적인*= biased; 황달에 걸린, 색칠된, 편향적인, 편파적인, 편견, 시기, 질투"
jejune,"단순한, 무미건조한, 재미없는; 진부한 dry and uninteresting, arid"
jettison,"1. 내던지다, 투하하다, 투척하다 
2. 버리다 / abandon / discard"
jibe with,일치하다 agree ; 자이브 추듯이 동작이 서로 일치하다
judicious,현명한
juxtaposition,"병렬, 병치"
keep ~ at bay,"을 가까이 못 오게 하다, 저지하다 
- Keep him at bay if he comes too near to you. ;; 항만에 위치시켜, 내륙으로 못오게 keep them at bay."
kindred,"1. [a]유사한, 2. [n] 일가친척"
knotty,"매듭으로 가득한; 복잡한, 풀기 어려운"
labyrinth,미로
laconic,"간결한, 과묵한* taciturn, reticent"
laissez-faire,자유방임주의; let do
lambaste,"심하게 비난하다; lamb 양을 baste 호되게 때리다, 야단치다. 즉 심하게 비난하다"
lament,"한탄하다, 슬퍼하다, 애통해하다"
lampoon,풍자하다; 풍자
languish,"기력을 잃다, 쇠약해지다"
largesse,후함 generosity
lascivious,음탕한
lassitude,"무기력, 무관심 listlessness, languor"
laud,"칭찬하다, 찬양하다 extol
laudable [adj]"
leeway,"자유(재량) ; 여지, 여유"
legitimacy,"합법성, 적법; 합리[타당]성"
legitimatize,"legitimate 합법으로 인정하다, 합법[정당]화하다"
lenient,"(처벌, 규칙 적용이) 관대한"
lethargic,"무기력한, 활발하지 못한; 둔감한
[n] lethargy 무기력"
leveling,"평평하게 함, 땅을 고름; 평등화"
levy,"n.(특히 세금의) 추가 부담금 
v.(세금 등을) 부과[징수]하다, 과세하다; lever 압력을 가하는 수단. 세금이라는 내기 싫은 것을 압박."
limpid,"(액체) 깨끗한, 맑은; 명료한"
list,"기울다, 비스듬해지다;기울이다 =tilt"
listless,"힘[열의]이 없는, 무기력한"
livid,"납빛의, 흙빛의; (멍같이) 검푸른
gloomy, colorless(무색의, 몹시창백한)"
loathe,혐오하다
lopsided,"한쪽으로 기울어진; 불균형의; 일방적인 (lop 는 잘라낸, 즉 한쪽을 잘라낸)"
loquacious,(매우) 수다스런
lucidity,"맑음, 투명; 명료, 명석//
[a] lucid 맑고 투명한; 명백하여 이해하기 쉬운; 제정신의"
lucrative,"수지 맞는, 돈벌이가 되는"
ludicrous,"웃기는, 터무니 없는"
lugubrious,"침울한, 슬픈 =gloomy"
lull,"1. 일시적 잠잠함, 소강상태 =respite (일시적중단) 
2. 달래다, 어르다, 재우다"
lurch,(갑자기) 휘청하다(휘청거리다)
lure,"꾀다, 유혹하다"
lurid,"(색깔) 매우 밝은, 선정적인; 충격적인, 끔찍한, 섬뜩한"
macabre,"으스스한, 소름끼치는"
magnanimity,"(특히 적이나 경쟁자에게) 도량이 넓음, 관대함"
mainstay,"중심, 대들보, 기둥, 중심축
backbone, anchor, buttress"
maintain,유지하다[지키다]
make known,"알리다, 발표하다; [남]을 (...에게) 소개하다[to]
- They made his legacy known.(그의 유산을 알렸다)"
maladroit,"솜씨 없는, 서투른"
malady,"질병, 병폐, 심각한 문제"
malfeasance,(특히 공무원의) 불법(부정) 행위
malign,(악의적으로) 비난하다; 해로운
malleable,"(금속) 변형이 잘 되는; (사람들, 사상 등이) 영향을 잘 받는, 잘 변하는"
malodorous,악취가 나는
maneuver,"책략 , 술책, 공작, 책동, 교묘한 조작[조치]
교묘히 다루다; 일을 꾸미다 scheme"
manifestation,"명시, 표명//
manifest [a] 뚜렷한, 명백한; 명시하다"
manipulation,"교묘한 처리, 솜씨 있는 취급[조종]; 조작, 조종 
manipulate [v]조종하다; 교묘하게 다루다, 조작하다"
mannered,"억지로 꾸민, 부자연스러운"
marginal,"사소한, 중요하지 않은; 가까스로 수지가 맞는, 한계 수익점의"
maturity,"성숙함, 원숙함
=precociousness(조숙)"
maverick,독불장군 =nonconformist
meager,"부족한, 빈약한"
meddlesome,"오지랖 넓은, 간섭[참견]하기 좋아하는=interfering, officious(참견하기좋아하는,주제넘게나서는) // 
meddle [v] 참견하다"
melancholy,우울감[비애]
meliorate,"개량하다, 개선하다"
mendacious,거짓말하는
mercenary,용병; 돈 버는 데만 관심이 있는; 욕심많은
meretricious,"겉치레뿐인, 겉만 번지르르한"
meticulous,"매우 꼼꼼한, 주의깊은, 세심한, 정확한 
fastidious; painstaking(공들인)"
minimal,"아주 적은, 최소의"
minion,"(권력자의) 앞잡이, 추종자, 가신, (노예 같은) 하인."
miniscule,=minuscule 극소의
misconstrue,오해하다
misgiving,"의혹; 불안감 
doubt, qualm(거리낌,꺼림칙함)"
misguided,잘못 이해한[판단한]
mishandled,"<mishandle: 잘못처리하다, 관리하다; 거칠게, 서투르게, 조심성없게 다루다 ; 학대하다"
mitigate,완화시키다
mock,놀리다[조롱하다]
modern,"현대의,근대의; 최신의; 선구적인, 새로운 
=advanced(선진의; 고급의)"
modest,"1. 겸손한,조심성있는; 정숙한, 고상한 2.적당한, 온당한, 삼가는(moderate) 3.많지않은, 소규모의 -modest income"
mollified,"화가 누그러진, 감정이 진정된//
mollify [v]달래다, 진정시키다"
monolithic,"거대한, 강한; 균일한; 획기적인"
monotonous,(지루할 정도로) 단조로운[변함없는]
moribund,"소멸, 절멸 직전의, 다죽어가는"
morose,시무룩하고 언짢은
morph,"변하다, 바뀌다; 바꾸다 =transform"
muffle,"소리를 죽이다 (약하게 하다); (따뜻하게 하기 위해) 감싸다(덮다) 
*muffled로 출제"
multidimensional,다차원의;다양한
multifaceted,"다면적인
ambidextrous, elastic, facile, many-sided, plastic"
mundane,"평범한, 흔한, 재미없는, 일상적인; 세속적인"
murky,"어둑어둑한, 안개가 자욱한, 모호한, 애매한"
mutable,"1.변하기 쉬운.
2.끊임없이 변하는; 변덕스러운."
naive,"순진한, 순박한, 경험이 없는=innocent
immature, callow, green, gullible, artless, ingenuous"
naivete,"천진 난만함, 순진, 소박; 고지식함; 
(with naiveté 천진스레)"
native,"1.출생지의,본래의 2. 타고난, 선천적인 3.토착의, 토착민의 4.꾸밈없는,자연스런, 소박한 ..."
naysay,"거절(하다), 부인(하다) =oppose, reject"
nefarious,"사악한, 범법의 wicked"
negligence,"부주의, 태만; 과실"
neophyte,"초보자, 초심자; 개종자"
nepotistic,"족벌주의의 
*nepotism 친족등용, 족벌주의 (공정 X) favoritism
(참고 cronyism 친구위주의 등용(편애))"
nitpicking,"트집잡기; 트집잡는 
cavil, quibble"
nobility,"(the-) 귀족/ 고귀함, 고결함"
noisome,"(-)불쾌한, 해로운/ 악취가나는 fetid"
nonconformist,"불순응[불순종]주의자, 관행[규범]을 따르지 않는 사람
<conformity 순응, 일치"
nondescript,"뚜렷한 특징이 없는, 평범한"
not fail to~V,"반드시-하다, 어김없이 -하다 
- She cannot fail to finish her work on time."
notwithstanding,...에도 불구하고
novel,"새로운, 신기한 
=original(독창적인)"
novelty,"새로움, 참신함, 신기함"
novice,초보자 =beginner
nurture,"양육하다, 돌보다"
obedience,"복종, 순종"
obeisance,"(존경의 표시로하는) 절, 존경, 순종
[a] obeisant 정중한, 고분고분한"
obligate,"1.* [보통 수동형으로] (법률·도덕상의) 의무를 지우다; 강요하다 -Parents are obligate[/hw]d to support their children.
2. [보통 수동형으로] 감사하는 마음이 우러나게 하다
- You must feel obligate[/hw]d to him for his help
3.[a]불가피한, 부득이한; (도덕상·법률상) 의무적인; 필수의"
obscuring,"이해하기 힘든, 모호한 // 
[v] *obscure 1.불명확하게하다, 2. 불명확한, 유명하지 않은 <> 뚜렷한"
observant,"(+) 예민한, 기민한, 관찰력 있는"
obsolete,"구식의, 못쓰게 된"
obstreperous,"통제가 안되는, 시끄러운, 떠들석한, 길이길이 날뛰는"
obtuse,"둔한, 이해가 매우 느린; 뭉퉁한, 둔한 blunt"
occlude,"닫다, (통로, 틈새 등) 막다, (빛을) 보이지않게차단하다"
ominous,불길한
omnipresent,"편재하는, 어디에나 있는"
omniscient,"전지의, 박식한"
on a par with~,~와 동등한[같은]
onset,"(특히, 불쾌한일의) 시작
** the onset of (disease (-))"
opaque,"불투명한, 불분명한, 이해하기 힘든 <> 투명한 lucid"
opportunism,"기회주의//
[a] opportunistic (-) 기회주의적인 
참고) -istic 너무~한=> moralistic (-) 도덕주의자처럼 구는"
oppositional,"반대하는, 저항하는, 대립하는."
opprobrious,"모욕적인, 창피한"
original,"1. 최초의, 원시의; 본래의; 초기의.
2. 창의적인; 새로운, 참신한, 신기한, 기발한"
ornate,(특히 아주 작거나 복잡한 디자인으로) 화려하게 장식된
orthodox,"정설, 정교의
authentic, canonical
<> heterodox, heretical, apcryphal"
oust,"(지위, 장소에서) 내쫓다, 추출하다(우두머리를 내쫓다)
cf. expel 퇴학시키다"
outdated,"구식의out-of-date, old-fashioned"
outlandish,"별난, 기이한, 희한한; 이국적인"
outmoded,"구식의 out-of-date, old-fashioned"
outstanding,"1. 뛰어난, 걸출한 2. 두드러진;중요한"
overhaul,"1.정밀검점하다, to renovate
2. (경주에서 남을) 앞지르다, to catch up with"
overload,"1.과적하다,짐을너무많이싣다 2.너무많이부과하다,주다 3.[n]지나치게많음, 과부하"
overlooked,"<overlook 못보고넘어가다, 간과하다"
overmodest,"지나치게 수줍은,얌전한"
overrate,과대평가하다
overstate,과장하다
overtly,"명백히, 공공연하게//
[a] overt 공공연한, 명백한, 숨길수 없는<> covert"
overwrought,"잔뜩 긴장한, 몹시 걱정하는"
pacific,평화로운=peaceful=placid=dovish*
palatable,"1. 맛있는, 2. 마음에 드는, 구미에 맞는*
<>unpalatable 맛없는, 무미건조한"
palliate,(병을 치료하지않고) 증상만 완화시키다
panacea,만병통치약 (비유적으로 사용!)=cure-all
panache,"당당한태도, 품격, 기백/ 과시(-)
n. 깃털모자"
panegyrize,"찬사를 보내다; 칭찬하다//
*panegyric 칭송, 찬양
**""p""로 시작하는 찬사/칭찬 : paean/ plaudit/ panegyric"
paraphernalia,"(특히 특정한 활동에 필요한) 용품
-skiing paraphernalia (스키용품)"
parochial,"제한된, 편협한; 지방의 provincial"
patchwork,"쪽매붙임; 긁어 모은 것, 잡동사니 hodgepodge"
pauper,"빈곤자, 빈민"
pedagogy,"교육학, 교수법; 교육, 교수, 교직"
pellucid,"깨끗한[맑은], 투명한"
pensive,"깊은 생각에 잠긴, 명상에 잠긴, 수심에 잠긴."
perennial,"지속적인, ""영원한"", 
permanent, perpetual <>순간적인"
permeable,"침투할[스며들] 수 있는, 투과성[투기성]의"
perpetrate,"범하다, 저지르다 ((-) do) =commit
perpetrator 범인, 가해자, 죄인"
perplexity,"당황, 곤혹, 난처, 혼란"
persevere,"인내하다, 견디다"
persistent,"1.끈질긴, 집요한, 고집센 tenacious, pertinacious 2. 지속하는 =survival"
personification,의인화; 의인화된 것
pervasive,"퍼지는, 보급되는; 스며들어가는"
pigeonhole,"1. 정리하다, 분류하다 2. -을 뒤로미루다, 보류해두다, 묵살하다 defer 3. [n]서랍, 정리함; 분류, 처리"
pilferage,"좀도둑질; 훔친 물건, 장물
<[v] pilfer 훔치다 filch, purlion, plunder"
pine (for),"~을 그리워하다, 애타게 그리다, 갈망하다"
pinpoint,"정확히짚다, 정밀조준 -"
pioneering,개척[선구]적인
placable,"달래기 쉬운; 온화한, 너그러운, 관대한
<[v] placate 달래다 cf) plac, pac = 'peace'"
placate,"달래다 =appease
cf) plac, pac = 'peace'"
plastic,"형태를 만들[바꾸]기가 쉬운, 가소성이 좋은"
platitudinous,"진부한 
hackneyed, banal, trite, cliched"
plausible,"타당한 것 같은, 이치에 맞는, 그럴듯한"
pliable,"모양이 잘휘는; *고분고분한 
compliable, compliant, pliant <>고집센"
ploy,"계책, 술책"
plunder,"약탈하다, 훔치다 pilfer, filch, purloin"
polarizing,"양극화 
<polarize* 양극화하다, 분열시키다."
polemical,논쟁적인 =quarrelsome
polymathic,"대학자의 , 박식가의. =encyclopedic
**[n] polymath 박식한 사람"
pomposity,"화려함; 젠체함, 거만함
(pomp 허세)"
ponder,심사숙고하다
potent,"강력한, 유력한, 힘센."
pragmatic,실용적인
praiseworthy,칭찬할 만한
preachy,"(-) 설교하기 좋아하는; 설교조의, 설교하려드는 
=sanctimonious (-)독실한(신성한)체하는"
precarious,"위태로운, 불확실한 
uncertain, insecure"
predator,포식자; 약탈자
predecessor,"선구자, 선행하는것 precursor"
predicament,"곤경, 궁지"
predilection,"매우 좋아함; 편애, 기호, 두둔 strong liking 
=proclivity(경향, 기질, 성질)"
prepossessing,"*매력있는, 호감가게 생긴, 잘생긴 
prepossess 호감을 갖게 하다 
unprepossessing 호감갖지않는"
presage,(보통 불길한 일의) 전조가 되다
prescient,"선견지명[예지력]이 있는 
=prophetic"
preserving,"보존, 저장, 유지, 보호(하는) =safeguarding
cf) preservative 방부제"
presuppose,"예상하다; 미리 상상하다, 추측하다"
pretext (for),"구실, 핑계, 명분 
- find a pretext for refusing the invitation"
prevailing,"우세한, 지배적인, 유행하는 
current, prevalent"
prevented,"예방된, 방지된 =precluded"
private,"사적인; 비밀의, 은밀한; 은둔하는, 남의눈에 띄지않는=insular(배타적인,편협한)"
privation,"궁핍, 
-He died of privation."
proclaim,선언[선포]하다
proclivity,"경향, 성향 (""like"" 계열)
propensity, penchant, inclination"
procreate,아이[새끼]를 낳다; 출산하다
prodigious,"거대한, 규모가 큰; 놀라운, 대단한"
profit-mongers,"A person, business or profession marked by avarice and greed
<monger : 상인, 장수"
prolifiration,"급증, 확산"
prolong,"연장시키다, 연장하다"
prophetic,"예언의, 예언적인"
prophylactic,"(질병) 예방의, 예방을 위한 =preventive"
propitious,"길조의 ('pro'- like) 
auspicious
<> portentous 불길한 전조의"
proportionate,"비례하는, 균형에 맞는 
commensurable, commensurate, comparable"
proprietary,"1. 소유주의, 소유의, 2. 재산이있는 3.독점의;독점적인
4. 사유의, 전유의 / [n] 소유자 owner, 소유권"
proscription,"금지, 추방, 인권 박탈 ; 금지[추방]상태"
protean,"변화무쌍한
=versatile(다용도의, 다목적의)"
protest,"항의, 반대하다, 이의제기하다"
prototypical,"원형의, 모범의."
protract,"(기간) 연장하다; (몸) (앞으로) 쭉 뻗다 
prolong, lengthen, extend"
provincial,"1.지방의, 촌스러운, 세련되지 못한
2.**편협한*=insular(섬의/편협한)"
provocative,"도발적인, 화를 돋우려는"
proxy,"대리(권); [C]위임장; 대리 투표; 대리인
-vote by proxy (대리로 투표-)"
prudent,"신중한; 현명한; 검소한 
circumspect*; provident, frugal(검소한)"
pseudonym,"(작가) 필명, 가명 
pseudo 가짜"
puerile,"유치한 lack of maturity
= adolescent, jejune, juvenile, immature"
pull no punches,"힘껏 때리다; 사정을 두지 않다
-He pulled no punches in the game"
punctuality,"시간 엄수
=promptness"
pungent,"1 신랄한, 날카로운
2. (맛) 톡쏘는"
purport,"(사실이 아닐 수도 있는 것을) 주장하다[칭하다]
*purported ~라고 알려진, 주장되는"
purveyor,조달[공급] 업자[회사]
purview,"범위, 영역; 권한"
pushover,"1. 식은 죽 먹기, 아주 쉬운[간단한] 일
2. 호락호락한[만만한] 사람
- I don't think she'll agree—she's no pushover."
quibble,"n.(사소한, 작은) 반대, 트집잡기 v.트집잡다"
quiescence,"quiescence 정지, 활동하지 않는 상태"
quip,"[명사] 재담(才談) , [동사] 재담을 하다"
rampant,"1. (나쁜것) 만연하는, 횡행하는, 제어할 수가 없는 flourishing
2. (사람, 행동) 사나운, 미쳐 날뛰는 
*rampant with (-) ex) rampant McCarthism"
ramshackle,"(집 등) 쓰러져가는, 상태가 매우 안좋은
rickety (곧 무너질 것 같은)"
rant,"(흥분하여, 허세부리며) 고함치다, 부르짖다, 폭언하다
yell, vociferate"
rapacious,"탐욕스런, 약탈하는 
greedy, avaricious"
rapacity,"강탈, 약탈; 탐욕"
realism,"현실주의; 사실성 
=verisimilitude(그럴듯함, 신빙성)"
realize,"1. 깨닫다, 알아차리다, 인식[자각]하다
2. (목표 등을) 실현[달성]하다=achieve"
rebellious,"반역하는, 모반하는, 반역자의; 반체제의; 반항적인, 순종치 않는"
rebound,"1. (공) 다시 튀어오르다 
2. (남을 노리고 한 행동의 나쁜 결과가 자기에게로) 되돌아오다 
3. (가격이) 반등하다"
recalibrate,"재측정 
<calibrate 눈금을매기다, 측정하다"
recapitulate,"요약하다 (<다시 머리가 될 만한 내용만 따서)
=summarize"
recede,1. 물러나다 2. 감소하다
recession,"경기침체기, 쇠퇴 <recede"
reconnoiter,"정찰활동을 하다, 정보를 얻기 위하여 사전조사를 하다 ""샅샅이 조사하다"""
recrudescent,재발(재연)하는 =renewing
refract,(물・공기・유리 등이 빛을) 굴절시키다
refrain (from),"삼가다, *그만두다 to stop oneself from doing something 
<주의> restrain 제한하다, 막다"
refuge,"피난(처), 피신(처), 도피(처)"
refutative,"반박[반론, 논박]하는; 반증의"
rehash,"거의 그대로 반복하다, 재탕을 내놓다 =recycle"
reified,"구체화된 
<reify (개념등을) 구체화하다, 구체화하여생각하다"
reify,"(개념등을) 구체화하다, 구체화하여생각하다 
=regard as concrete"
reinforce,강화시키다
reiterate,"되풀이하다, 반복하다 repeat"
relatives,친척 =kinfolk
relegated,"강등된, 좌천된// 
*relegate (-) 강등시키다, 내쫓다 =demote(<>promote)"
relish,"재미, 흥미, 즐기다, 좋아하다 =delight in"
reluctant,내키지않는 unwilling
remedial,"1. 교정, 개선하기 위한 2. (교육) 보충하는 - remedial class 보충수업"
remiss,"태만한, 성의없는, 소홀한 negligent"
remonstrate,"항의하다, 이의를 제출하다 
argue against, protest"
remove,"치우다, 내보내다; 벗다 =strip away(벗겨내다, 제거하다)"
remuneration,보수 payment
replete,"(with) 충분한, 가득한 =filled with"
reproach*,비난하다
repudiate,"부인하다, 거절하다 (""취소하다 철회하다"")
reject, renounce, abandon, refuse, recant*"
repugnance,"(-) 혐오함, 증오 
a.repugnant"
repugnant,"(-) 혐오스러운, 역겨운, 불쾌한"
rescind,"철회하다, 폐지하다, 취소하다 
revoke, recant, repeal, renounce, renege on, retract, retreat"
resemble,"닮다, 비슷[유사]하다"
resent,"분개하다, 분하게 여기다, 억울하게 여기다"
resign to,"(일, 재산등을) 물려주다, 양도하다; 복종하다, 따르다
=cede to: (마지못해) 양도하다, 이양하다"
resonate,"(소리가) 울려퍼지다, 공명이 잘 되다 
>resonant : 낭랑하게 울리는, 공명하는"
resourcefulness,지모[계략]가 풍부함; 자원이 많음.
respite,짧은 휴식 recess
responsive,"응답하는, 반응하는; 공명하는, 공명하기 쉬운, 민감한(sensitive)[to];"
restorative,원기를 회복시키는 =tonic
restrained,"삼가는, 자제하는; 억제된, 억눌린, 구속된"
resurgence,"소생, 부활 =revival, reviving"
resurgent,"소생하는, 부활하는, 재기하는, 다시 유행하는
recrudescent (재발, 재연하는)"
reveal,"드러내다, 밝히다, 폭로하다 
= manifest (나타내다, 드러내보이다)"
reverent,"숭배하는, 공경하는."
revert to,"되돌아 가다 return
're' + 'vert' turn"
ring out,"크게 울리다, 들리다 =sound loudly"
risible,"비웃음을 살 만한, 우스꽝스러운"
riveting,engrossing
roil,"화나게하다*/ 액체를 휘저어 흐리게 하다
roil, rile, stir"
rosy,"(전망 등이) 장밋빛의, 희망적인 
=optimistic"
row,"열, 줄; 늘어 선 집들/ 노를 젓다"
rusting,"녹이슨 
<rust 녹슬다, 부식하다; 녹이슬게하다, 부식시키다"
sabotage,"고의적으로 방해하다, 파괴하다"
saccharine,맛이 단; 지나치게 감상적인
sagacity,"현명, 총명; 기민"
sage,"현인, 현자
sagacious 현명한, 기민한"
salacious,외설스런
sanctimonious <조심>,"(-) 독실한 척하는, 위선적인 making a show of being morally superior to other people 
*(+) sancrosanct (-)sancrilegious (-)sactimonious"
sanction,"1.허가하다, 승인하다
2.제재하다 ""nuclear sanction"" 핵 제재
*대체로 '승인, 허가'/ (-) 와 함께오면 '제재'로 해석"
scanty,"1. 적은, 불충분한 =scant 
2.(옷, 천) 얇고 비치는"
scarce,"부족한, 드문"
schism,"(교회) 분열, 분파 
factiousness* (당파, 파벌); rift, discord, disagreement"
scintillating,"번뜩이는, 재치가 넘치는 brilliantly and excitingly clever and skillful"
scratching,"<scratch 할퀴다, 할퀴어상처내다; 긁다; 지워없애다"
seditious,"선동적인, 치안 교란의, 반란[폭동]적인.
<sedition (반역, 폭동)"
self-absorption,"자기 몰두[도취], 열중"
self-containing,"<self-contained : 자족적인, 자립하는"
self-effacing,"나서지 않는 retiring(내성적인), modest
<efface = 지우다"
self-interest,"(-) 사리사욕, 사리추구 
=opportunism (기회주의)"
self-perpetuating,"저절로 계속되는, 영속가능한; (관직,지위에)언제까지나 유임하는[할 수 있는]."
self-regard,"자존감, 자존심"
self-righteous,(-) 독선적인
self-serving,"(-) 자기잇속만차리는, 이기적인; 이기주의자"
seminal,중대한[영향력이 큰]
senile,"노쇠한, 노망한; 노인의, 노년의"
sensible,"분별[양식] 있는, 합리적인"
sententious,"무게를 잡는, 훈계조의"
shackle,"족쇄를 채우다, 구속하다 
fetter, manacle, stifle*(억누르다,억압하다)"
sham,"가짜의, 모조의, bogus, false, fake 
모조품, 가품 pretense"
She is by no means an inexperienced teacher. Not by any manner of means.,"seldom, barely, scarcely, rarely, 결코 ~이 아닌, no, nope"
shift,"1.이동하다, 옮기다, 바꾸다 
2. 여러가지로해보다,변통하다,꾸려나가다 -shift with little money
3. 속이다, 핑계대다 
>shiftless 야망이나 목적의식이 없는; 게으른
>shifty 교활한, 속이는 , 약은 <> 순진한"
shortcoming,"결점, 단점 =fault"
showy,"눈에 띄는, 화려한, 야한(gaudy); 허세를 부리는"
shriek,(날카롭게) 소리[비명]를 지르다/ 그런 비명
sifted from,"<sift from ...에서 가려내다
-sift fact from fiction"
skeptical,"회의적인
not easily convinced (쉽게 확신 안하는)
dubious, doubtful"
skew,비스듬하게 하다; 왜곡하다
skirt,"1.가장자리에 있다, 가장자리를 지나다
2. 회피하다"
skittish,"1. 쉽게 흥분하는 
2. 변덕스러운, 신경질적인, 수선떠는 frivolous 
<비교> puckish 장난, 짓궂은"
skullduggerry,"야바위, 속임수 =trick"
sleazy,(행실이) 지저분한[추잡한]
slippery,"(손에서) 잘 빠져나가는, 잡기 어려운; 《비유적》 *파악하기 어려운. =elusive"
slogan,"구호, 슬로건"
slumber,"잠, 수면; 잠을자다"
smuggle,밀수하다 import/export illegally
snub,"모욕하다, 무시하다; 모욕, 무시"
sober,"1. 술취하지않은, 술마시지않은 
2. 절제하는, 절주하는 (人)
3. 온건한, 절도있는; 진지한; 근엄한; 차분한, 냉정한
>sobriety 냉정, 근엄, 진지함"
solemn,"엄숙한, 근엄한"
solemnity,"근엄함, 엄숙함"
solidify,"굳어지다; 굳히다; 확고히하다 
=harden"
somnolent,"거의 잠 든, 조는 
=lethargic (기면증의, 혼수상태의; 무기력한)"
sonorous,"(소리가) 듣기 좋은, 낭랑한"
soothsayer,"예언자, 점쟁이"
sophist,"궤변가, 억지이론을 휘두르는 人"
sophistication,"교양, 세련"
soporific,"잠이 오게하는; 졸리는
<'som' 잠 (insomnia 불면증)"
spacious,"넓다란, 웅대한; (견해 따위가) 넓은, 고매한"
sparing,"조금만 쓰는[아끼는], (~에) 인색한"
speculation,"추측, 억측"
speculative,"추측에 의한 (확실치 않은); 이론적인
conjectural"
spike,"큰못; 큰못으로 박다, 꿰뚫다, 상처내다; 좌절시키다, 방해하다"
spirited,"활기(용기, 열의) 넘치는 
=vigorous"
spontaneity,"자발[즉흥]적임, 자연스러움"
spontaneous,"충동/ 즉흥적으로 움직이는**
<> 의도적인 intentional"
sporadic,"간헐적인
intermittent, fitful"
spur,"박차를 가하다, 독려하다, 자극하다 =foster / 자극제"
staggering,"1. 비틀거리는 2. (너무 엄청나서) 충격적인, 믿기 어려운"
stagnate,"고이다, (고여서) 썩다; 침체되다, 부진해지다"
stale,"1.(음식) 신선하지않은, 만든지 오래된 
2. 신선미가 없는, 진부한, 김빠진"
starky,"순전히, 완전히"
staunch,"확고한, 충실한, 독실한"
steadfast,변함없는
steer,"(보트・자동차 등을) 조종하다[몰다]; (특정 방향으로) 움직이다[나아가다] , 향하다"
stem from,"~에서 생겨나다, 기인하다, 유래하다"
stem,"check, arrest, foil, bar"
stemming,"<stem 막다, 저지하다 
=checking"
stern,"엄중한, 근엄한; 심각한"
stifle,"1. 숨막히게 하다
2. 제한하다, 억제하다"
stigmatize*,낙인찍다; 비난하다; 오명씌우다
stratification,계층화
stray,"wandering, lost, roaming, vagrant"
striking,"눈에 띄는, 두드러진, 현저한 
=pronounced"
stunning,"깜짝놀란, 너무 충격적인, 뜻밖의 ; 매우 아름다운, 멋진"
stymie,방해하다[좌절시키다] =hinder
subjective,주관적인
subtle,"미묘한 not obvious <> obvious
날카로운, 민감한"
subtlety,"미묘함; 교묘함, 절묘함; 예민함"
subversive,"전복시키는, 파괴적인"
subvert,"약화시키다, 전복시키다
sabotage, undermine, weaken"
succeeding,"계속해서 일어나는, 계속되는, 다음의 (following)"
successively,"연속하여, 잇따라 
=sequentially"
succumb,"(압력, 유혹 등에) 굴복하다, 항복하다
capitulate, yield*, surrender, alienate"
sullen,"성질 더러운, 뚱한, 삐진
sulky, surly, sullen"
superficial,"표면적인, 피상적인, 성의없는
slapdash, slipshod, slovenly 
perfunctory 기계적인, 형식적인(하기싫어서 reluctant)"
supersede,"대신하다, 대체하다
replace, supplant"
supplant,"대신하다, 대체하다/ 찬탈하다(-)"
supportive,"지원하는, 도와주는, 힘을 주는"
supposition,추정
suppress,"억압하다, 진압하다; 억제하다, 억누르다"
surge,"급증/ 급증하다
rise, leap"
surmount,극복하다 overcome
sway,"1. (의견) 흔들리다
fluctuate, falter, vacillate, oscillate, veer
2. (남의 맘이나 의견) 흔들다, 기울게 하다
influence, affect, bias, persuade, dominate"
sweeping,"[주로 못마땅함] (지나치게) 전면적인, 광범위한, 포괄적인
=comprehensive"
swift,"신속한, 재빠른"
swill,"꿀꺽꿀꺽마시다, 폭음하다, 단숨에 들이켜다; 
(물로) 헹구다, 씻어내다 rinse"
sympathetic,"동조하는, 동조적인, 호의적인, 공감하는"
synopses,"synopsis <pl>. 요약, 개요, 시놉시스
epitome, abridgment, digest, summary"
tacit,암묵적인 implicit <> explicit
tactful,tactful 재치있는 =skillful
taint,"더럽히다
stain, blemish, stigmatize, defile, sully, tarnish ***tainted 더럽혀진"
take on,"고용하다, 채용하다"
tangent,"접선; [a]접촉하는, 접하는, 접선의"
tangential,"접선의, 주변의, 핵심에서 벗어난, *빗나가는, 중요하지 않은(peripheral)"
tantalize,"감질나게하다(조금만 보여줌, 안달나게)
torment, tease
(상황 ex 이사람의 업적은 위대... however, tantalizing evidence <- 증거가 불충분)
ex. This tantalizing question is raised in a letter to literature professor Rose."
taxing,"부담이 무거운, 성가신, 힘든"
teem,가득하다 *teeming with 가득한
temerity*,"지나친 자신감, 무모함, 뻔뻔함 
=impertinence (*pertinent =relevant , impertinent 1.irrelevant, 2. 나서는, 주제넘는, 뻔뻔한, 건방진 =presumptuous"
temper**,"누그러뜨리다, 완화시키다 =moderate"
temperance*,"자제, 절제, 금주 
*temperance movement : 금주운동"
temperate,"1. (人) 절제하는, 도를 넘지 않는; 온건한, 공손한 
2. 절주의, 금주의
3. 온화한, 따뜻한, 온대의"
tempestuously,"[ad] 폭풍우의; 격렬하게 떠들썩하게,// 
[a] tempestuous (상황이나 기질이) 격정적인, 격렬한, 격동의 turbulent, tumultous, <>serene"
tenacious,"고집센, 완고한"
tendentious*,"편향적인 
discriminatory, partisan"
tender,"1. 제출하다
2. 입찰하다"
tenor,"1.(인생의) 방침, 방향, 행로 
-an even tenor of life (단조로운 나날의 생활)
2. 취지, 대의; 성격, 성질, 상태 
3. (음악) 테너"
tentative*,"1. 잠정적인, 임시적인 provisional 
2. 주저하는"
tenuous*,"1. (연결, 근거 등) 약한, 빈약한
2. 가늘고 섬세한; 가벼운, 묽은, 엷은, 얇은..."
tepid,"1. 미지근한 lukewarm 
2. 열정이 거의 없는"
thoughtful,"생각이깊은, 사려깊은; 인정있는, 동정심있는, 친절한"
thrive,"번성하다, 무성하게 자라다"
thwart*,"막다, 좌절시키다, 반대하다"
tilt,"기울다; 기울게 하다 =list
a.tilted 기운 =listed"
timely,"시기적절한, 때맞춘 
=opportune"
timorous,"겁먹은, 소심한, 자신감이 없는
timid/ timorous/ pusillanimous"
tonic,"힘을 주는, 원기 왕성하게 하는 
refresher"
torpid,"1. 활발하지 못한, 무기력한
2. (동물) 동면중에 있는"
torpor,무기력
torrid,매우 덥고 건조한
tout*,과대선전하다/ 몹시 칭송하다
tractable,"다루기 쉬운, 유순한
<>intractable 고집센"
trammel,"방해, 장애, 속박 <=n.삼중망 <'tri' 3
restraint, constraint, curb, check, impediment, obstacle, barrier, handicap,"
transcend,초월하다
transient*,"일시적인; 덧없는
transitory*, temporary, ephemeral"
transitional,"변천하는; 과도적인, 과도기의"
transparent,"1. 투명한
2. 이해하기 쉬운, 명쾌한* 
translucent"
trendy,최신유행의; 유행의 첨단을 걷는 人
trepidation*,"두려움 fear 
*intrepid a.용감한"
trespass,"1. 침입하다, 침해하다
2. 잘못하다, 죄짓다
ex.Forgive us for our trespasses as we forgive those who trespass against us.~ (주기도문)"
trickster,"사기꾼, 협잡꾼"
trifling,"하찮은, 사소한 
=minimal"
trivial,사소한
trivialize,"평범화하다, 하찮게 보이게 만들다"
truculent,"싸우기 좋아하는, 호전적인, 공격적인 
quarrelsome"
truncate,"길이를 줄이다
(=cut short, abbreviate)"
turbulence,"격동, 격변"
ubiquitous,어디에나 있는 =omnipresent
unalloyed,"다른 것이 섞이지 않은, 순수한"
unassailable,난공불락의
unassuming,"겸손한 modest, humble"
uncanny,"신비로운, 이상한 
mysterious, preternatural"
uncontroversial,논란의여지가없는(적은)
unconventional,"1. 관습에 얽매이지 않는; 틀에박히지 않는 
2. 색다른, 독특한 
original; quirky"
unctuous,"(사람이) 지나치게 아부하는;
(oily both literally and figuratively) greasy (겉으로만 기름 발린 소리하는) =hypocritical, insincere"
undercut,약화시키다 =undermine
underemphasized,Insufficiently emphasized 충분히 강조되지 않은
undergird,"~의 밑을 단단하게 묶다; 뒷받침하다
=support"
undermine,"약화시키다 
=subvert"
undeserved,"가치없는; 정당성없는; 부당한 not warranted, merited, or earned 
=unexpected"
undiminished,"줄어들지[약화되지] 않은
- They continued with undiminished enthusiasm"
undistinguished,특별하지[뛰어나지] 않은
unearth,"파내다, 발굴하다; 찾다, 밝혀내다"
unencumbered,방해없는
unequivocal,"애매하지 않은, 명확한, 분명한 
<>equivocal 모호한, 애매한"
unexceptionable,반대의 여지가 없는 reliable
unexplored,"탐험, 탐사되지 않은; 철저히 검토/논의되지 않은"
unfamiliarity,"잘 모름, 생소, 낯설음 
=ignorance"
unfathomable*,"이해하기 힘든; 측정하기 힘든 =immeasurabe 
<'fathom' 간파하다"
unfazed,동요[당황]하지 않는
unfeeling,"무정한, 냉정한, 무감각한"
unflagging,"쇠하지 않는, 지칠 줄 모르는"
unfortunate,"운이 없는[나쁜], 불운한, 불행한
=infelicitous"
unfounded,"근거없는, 사실무근의
=baseless, tenuous(미약한, 보잘것없는)"
ungainly,"(외모, 행동, 솜씨 등) 서툴고 어색한, 투박한 clumsy, uncouth"
unimaginative,pedestrian
unimpeachable,"의심할여지없는
=blameless"
unique,"유일무이한, 독특한, 특별한"
unkempt,"(외모) 흐트러진, 단정하지 못한 
<'kempt' 머리빗은, 단정한"
unobstrusive,"주제넘지 않은; 조심성 있는, 겸손한, 삼가는"
unorthodox,"정통이 아닌; 이교[이단]의; 인습적이지 않은
-unorthodox medicine (대체의학)"
unostentatious,"거만떨지 않는, 젠체하지 않는, 점잔빼지 않는, 뻐기지 않는; 순박한, 수수한
=modest"
unremarkable,"특별할 것 없는, 평범한"
untenable,(논리) 방어해 줄 수 없는
unwarranted,정당성 없는 =groundless
unwillingly,"본의 아니게, 마지못해, 억지로
=relectantly"
unwitting,"고의가 아닌, 우연적인 unintentional"
upend,"거꾸로 하다[뒤집다]
- The bicycle lay upended in a ditch"
uprightness,"강직함, 강직성; 고결함, 정직함"
utilitarian,"실용적인, 공리주의의
=functional"
vacant,"비어있는, 결원의"
vacillate,"마음이 오락가락하다, 주저하다, 망설이다 oscillate, indecisive"
vacillating,"흔들리는, 진동하는; 동요하는, 망설이는, 우유부단한=wavering"
vacuous,"생각이 없는, 어리석은;"
vainglorious,"허영심 강한, 자만심 강한"
valorize,"to enhance or try to enhance the price, value, or status of by organized and usually governmental action 
=exalt (1. to raise to a higher level* 2. praise)"
vanish,"사라지다, 없어지다"
vapid,"맛없는, 재미없는, 진부한"
variety,"여러 가지, 갖가지, 각양각색"
varnish,"니스칠하다, 광내다"
vary,서로[각기] 다르다; (상황에따라) 달라지다
vehement,(감정을) 격렬히 토로하는; 열정적인
velocity,속도
veneration,"존경; 숭배, 숭상//
<venerate 깊이 존경하다, 우러르다 revere"
venomous,"1. 독이있는 2. 앙심/원한에 찬, 해로운"
veracious,"진실한, 정직한, 정확한"
veracity,"진실함, 정직함 
=truth, reliability, virtuosness"
verisimilitude,"있을법함, 사실같은, 사실성 
a. verisimilar"
versatile,"1. 다재다능한, 다용도의; 
adaptable, felxible, multitalented
2. (마음, 정책) 변하기 쉬운 changeable, inconstant"
vestige,"자취, 흔적, 모습 trace"
vex,"화나게 하다, 괴롭히다, 초조하게 하다"
vicarious,"대리의, 대행의; 간접경험하는 
indirect, secondhand, derivatie"
vicissitude,"(인생, 운명) 변천, 부침, 흥망성쇠, 변하기 쉬움 
a change of circumstances or fortune, typically one that is unwelcome or unpleasant 
=fluctuation, variation, ups and downs"
vigor,"활력, 생기, 정력"
vindication,"1. 옹호, 변호, 지지 
2. 입증; 변명, 해명; 정당성"
vindictive,"복수심이 불타는, 앙심을 품은
vengeful, revengeful"
virtue,"미덕, 덕목; 선, 선행"
virtuoso,"명인, 대가"
visceral,"1. (깊은 사고가 아니라) 강한 감정에 따른, 본능적인
2. 내장의"
visibility,"1. 눈에 보임, 눈에 보이는 상태[정도]; 가시성
2. 탁월함, 눈에 띄는[화려한] 존재."
vitiate,"손상시키다, 망치다 spoil, impair"
vitriolic,"신랄한 acerbic, trenchant, virulent 
n.vitriol 통렬한 비판, 신랄한 언어"
vituperative,"욕설하는, 몹시 비난하는 
v. vitupertate 욕설하다, 몹시비난하다"
vivacity,"생기, 활기, 활발, 쾌활, 활달"
vociferous,"떠들석한, 큰 소리로 외치는, 소란스런"
volatile,"변덕스러운
=capricious"
voluble,"유창한, 말많은, 입심좋은 garrulous, verbose
- Voluble protests from the local press led the industrialists to give up the idea."
voracious,"식용이 왕성한, 게걸스러운"
vulnerable,"연약한, 상처/공격받기 쉬운
- Small fishes are vulnerable to predators."
waggish,"웃기는, 익살스런 jocular, jocose"
wan,"병약한, 안색이 나쁜"
wane,"작아지다, 약해지다, 달이 기울다
<>wax"
waning,"줄어드는, 시들해지는, 약해지는"
warbling,"지저귀는, 노래하는, 재잘거리는"
wary,"조심하는, 주의하는; 안속는, 안믿는"
wearisome,"지루한, 싫증나는, 피곤하게하는, 지치게하는"
weaving,"짜서, 엮어서(직조) 만든 <weave"
well-defined,"(정의가) 명확한, 분명한; 이해하기(알기) 쉬운"
wherewithal,"(무엇을 하는 데 필요한) 돈[수단/기술]
- They lacked the wherewithal to pay for the repairs"
whim,whimsy
whimsical,"1. 별난, 기발한, 엉뚱한
2. 변덕스런"
whimsy,엉뚱한[기발한] 생각[행동/방식]
winning,매력적인 winsome
winnow,"키질하다, 까부르다, 키질하여 (왕겨 등을) 제거하다, 추리다"
withdrawn,사교적이지 않은 not wanting to communicate with other people
workaday,"평범한, 보통의; 별로 흥미로울 것 없는
=quotidian"
zeal,강한 열정
zenith,"정점, 절정

$$$$$$$$$$"
